sectionId,userId,activityId,answerId,answer,isCorrect
18563b1e-a467-44b3-aed7-3607a1acd712,af659949-e946-4afa-8800-25ac30781348,2c81d7bd-1b9c-4e7f-b71f-1110af629920,0207f59d-76b0-44ee-b158-cc87b4b0e434,"{""solution"":""convective instability means "",""type"":""ShortAnswer""}",0
18563b1e-a467-44b3-aed7-3607a1acd712,88318583-6e88-4787-b3d0-6359fdcd1a6f,2c81d7bd-1b9c-4e7f-b71f-1110af629920,06adea41-4932-4f7a-8bf3-ebae90d03bfa,"{""solution"":""idk"",""type"":""ShortAnswer""}",0
18563b1e-a467-44b3-aed7-3607a1acd712,828e18ce-0cfa-457e-a8df-8490fe7e628e,2c81d7bd-1b9c-4e7f-b71f-1110af629920,06fee6ed-a7d9-40ae-af1d-baaba0610934,"{""solution"":""near the ground, there has to warm air."",""type"":""ShortAnswer""}",0
18563b1e-a467-44b3-aed7-3607a1acd712,afadc299-682d-441b-84cb-7222d77eaa0a,2c81d7bd-1b9c-4e7f-b71f-1110af629920,0a98c0c5-1b88-46b7-816e-7ca9178aa2da,"{""solution"":""Supercell Thunderstorms"",""type"":""ShortAnswer""}",0
18563b1e-a467-44b3-aed7-3607a1acd712,542ab210-42f1-46ed-a8e9-8b278ba47c55,2c81d7bd-1b9c-4e7f-b71f-1110af629920,0bf2cde3-db5b-4646-88a0-f54251a9800a,"{""solution"":""Warm and cold air are coming together to create a temperature change."",""type"":""ShortAnswer""}",0
18563b1e-a467-44b3-aed7-3607a1acd712,4997de5e-1cf5-4875-9bf3-2d875d799482,2c81d7bd-1b9c-4e7f-b71f-1110af629920,0cc95448-e804-483f-bf36-b450e6d1d1c2,"{""solution"":""wind shear"",""type"":""ShortAnswer""}",0
18563b1e-a467-44b3-aed7-3607a1acd712,3541ec7c-54ae-42d6-a145-fb4117550883,2c81d7bd-1b9c-4e7f-b71f-1110af629920,0e808942-84ed-4be0-86f8-4e8b054c5b70,"{""solution"":""when the air is unstable"",""type"":""ShortAnswer""}",0
18563b1e-a467-44b3-aed7-3607a1acd712,8e1feb56-3f06-436f-93aa-b4969da8cf8c,2c81d7bd-1b9c-4e7f-b71f-1110af629920,132cc849-ebd7-40b0-a24f-de66b5c2a512,"{""solution"":""humid, saturated air"",""type"":""ShortAnswer""}",0
18563b1e-a467-44b3-aed7-3607a1acd712,e43d248b-7fd7-4448-b20b-3a95a6f33d98,2c81d7bd-1b9c-4e7f-b71f-1110af629920,14d64587-6d97-4dd2-ac33-dac5cae75fe8,"{""solution"":""cooling at the surface "",""type"":""ShortAnswer""}",0
18563b1e-a467-44b3-aed7-3607a1acd712,c5ce0938-553b-4efb-af7f-5a8af6d64512,2c81d7bd-1b9c-4e7f-b71f-1110af629920,1aa93131-106a-4845-87d2-645e089ac8ac,"{""solution"":""Low pressure"",""type"":""ShortAnswer""}",0
18563b1e-a467-44b3-aed7-3607a1acd712,35308197-8f76-4fb8-b44a-d659369a942e,2c81d7bd-1b9c-4e7f-b71f-1110af629920,1b373e73-7b89-4d81-a63d-1246a529bbbd,"{""solution"":""Atmospheric instability and converging winds"",""type"":""ShortAnswer""}",0
18563b1e-a467-44b3-aed7-3607a1acd712,c5f64288-7ad0-4700-98ed-e21c7b503bfc,2c81d7bd-1b9c-4e7f-b71f-1110af629920,1ce8063f-bf29-4bac-a04d-a689698a778a,"{""solution"":""uneven heating and rapidly changing temperature"",""type"":""ShortAnswer""}",0
18563b1e-a467-44b3-aed7-3607a1acd712,3f3d98c5-3dde-4420-9971-eacb33d66bd6,2c81d7bd-1b9c-4e7f-b71f-1110af629920,1d0578d3-78b4-493d-82c3-632ca970622b,"{""solution"":""The top of the air parcel is unsaturated while the bottom is saturated"",""type"":""ShortAnswer""}",0
18563b1e-a467-44b3-aed7-3607a1acd712,001a7623-be9e-4635-98af-1e6c4d87b6af,2c81d7bd-1b9c-4e7f-b71f-1110af629920,1d77ce26-8ae5-46af-a29d-60fa84b28ce5,"{""solution"":""warm air at surface cool air aloft"",""type"":""ShortAnswer""}",0
18563b1e-a467-44b3-aed7-3607a1acd712,0857764b-6618-4d25-a167-f4c0df831735,2c81d7bd-1b9c-4e7f-b71f-1110af629920,1de6f2c2-13e9-4fd8-9a0c-d1b72f4aaa71,"{""solution"":""Warm air from above and cold air below "",""type"":""ShortAnswer""}",0
18563b1e-a467-44b3-aed7-3607a1acd712,a5e6e028-0f8c-4074-acd6-08f6d9dd694f,2c81d7bd-1b9c-4e7f-b71f-1110af629920,2489e897-7955-4296-bbfd-50ecd57f9ec6,"{""solution"":""rising a cold air parcel"",""type"":""ShortAnswer""}",0
18563b1e-a467-44b3-aed7-3607a1acd712,aff7fa5c-94f6-4467-b8fe-3983f13f5b1d,2c81d7bd-1b9c-4e7f-b71f-1110af629920,25f29592-37f9-41c5-99c9-e17db524e543,"{""solution"":""when the surface air is much warmer than the air above it, the enviromental lapse rate  is much greater than the dry abiatic rate"",""type"":""ShortAnswer""}",0
18563b1e-a467-44b3-aed7-3607a1acd712,10018a23-6c51-476f-b34c-56105f8c642b,2c81d7bd-1b9c-4e7f-b71f-1110af629920,263905ea-04ab-4714-a924-7d6c58e9f52a,"{""solution"":""warm air near the ground cold air in the upper atmosphere "",""type"":""ShortAnswer""}",0
18563b1e-a467-44b3-aed7-3607a1acd712,8c438ee6-7942-40b5-8907-fd829443e522,2c81d7bd-1b9c-4e7f-b71f-1110af629920,26538cf4-23c0-41d1-aa23-9f4a33ebb0b3,"{""solution"":""warm surface, colder temperature aloft"",""type"":""ShortAnswer""}",0
18563b1e-a467-44b3-aed7-3607a1acd712,423cb5a3-9723-4810-b021-cd690a3c679a,2c81d7bd-1b9c-4e7f-b71f-1110af629920,28f6a2cc-e31b-4c71-9c02-71fecbdcfbb8,"{""solution"":""ground heated more or air colder"",""type"":""ShortAnswer""}",0
18563b1e-a467-44b3-aed7-3607a1acd712,8d57cf64-a427-4163-b0ec-89f17ae9a97b,2c81d7bd-1b9c-4e7f-b71f-1110af629920,2bf7164e-72ab-446b-85db-31ea059a38bb,"{""solution"":""When the ground is warmer than the air above it"",""type"":""ShortAnswer""}",0
18563b1e-a467-44b3-aed7-3607a1acd712,1bbb8fcc-6fc4-47e4-91c7-82933f8707d3,2c81d7bd-1b9c-4e7f-b71f-1110af629920,2cca5e29-e390-4f1a-bdfb-31f22a41921e,"{""solution"":""The pressure gradient, temperature gradient at levels in the atmosphere"",""type"":""ShortAnswer""}",0
18563b1e-a467-44b3-aed7-3607a1acd712,5386d837-5786-43ba-bd9f-0888f7156489,2c81d7bd-1b9c-4e7f-b71f-1110af629920,2ffbe02c-01de-426d-97f8-4448a6b13a89,"{""solution"":"" Vertically integrated positive buoyancy of a rising parcel; parcel's ability to resist vertical motion.\\n"",""type"":""ShortAnswer""}",0
18563b1e-a467-44b3-aed7-3607a1acd712,2089f372-08dc-4d00-822a-091866fc1038,2c81d7bd-1b9c-4e7f-b71f-1110af629920,302fc6ad-0108-43a7-bc7b-cd9dd5fbf8e9,"{""solution"":""Rapid temperature change and lower temperatures higher in the atmosphere. Also strong winds?"",""type"":""ShortAnswer""}",0
18563b1e-a467-44b3-aed7-3607a1acd712,7e50cc64-8124-4c96-8b92-2bcab87f93f6,2c81d7bd-1b9c-4e7f-b71f-1110af629920,30afed32-2fea-4f61-a5bc-2dd742e27bdb,"{""solution"":""the atmosphere is convectively unstable when there are two zones in the atmosphere that vary in temperature that are very close together "",""type"":""ShortAnswer""}",0
18563b1e-a467-44b3-aed7-3607a1acd712,41762276-fc82-4140-9e2d-ee7806388a89,2c81d7bd-1b9c-4e7f-b71f-1110af629920,3229d156-f33b-4b3f-9976-ecfb39075f72,"{""solution"":""When the air below is much warmer than the air aloft."",""type"":""ShortAnswer""}",0
18563b1e-a467-44b3-aed7-3607a1acd712,7dd00892-9e26-4fff-8109-ceffdc15d286,2c81d7bd-1b9c-4e7f-b71f-1110af629920,32f4a70b-d507-4078-9dc1-36b77a35a68f,"{""solution"":""cooler and more moist air"",""type"":""ShortAnswer""}",0
18563b1e-a467-44b3-aed7-3607a1acd712,d176f899-e541-4bab-9cd5-b7bc7150fa89,2c81d7bd-1b9c-4e7f-b71f-1110af629920,33779bbe-9818-49ee-8720-c2725bbd8c10,"{""solution"":""Convective instability occurs when contrasting air masses are in close proximity -- for example, when warm air rises."",""type"":""ShortAnswer""}",0
18563b1e-a467-44b3-aed7-3607a1acd712,673b914d-a44f-4f12-9577-58469befc50f,2c81d7bd-1b9c-4e7f-b71f-1110af629920,33885722-7220-4a37-b096-26b9f2abb1ad,"{""solution"":""vertical movement is erratic"",""type"":""ShortAnswer""}",0
18563b1e-a467-44b3-aed7-3607a1acd712,823bbf51-fd05-4acc-9c7d-d242767b4d0b,2c81d7bd-1b9c-4e7f-b71f-1110af629920,35c51738-385b-49a0-bf25-efdac9958afc,"{""solution"":""Air that is warmer at the bottom. "",""type"":""ShortAnswer""}",0
18563b1e-a467-44b3-aed7-3607a1acd712,dad1e232-a729-483e-9bbe-bd628eb75f0e,2c81d7bd-1b9c-4e7f-b71f-1110af629920,3828d2b6-9545-4b29-aaae-1152f166ee2e,"{""solution"":""convective instability relates to an unstable atmosphere so warm moist air at the surface and dry cool air aloft"",""type"":""ShortAnswer""}",0
18563b1e-a467-44b3-aed7-3607a1acd712,5b9df888-939f-486c-b61e-ddb4b2448f3e,2c81d7bd-1b9c-4e7f-b71f-1110af629920,399b07bb-e1a5-41d1-9ff8-b39e4efcb3a2,"{""solution"":""high and low pressure"",""type"":""ShortAnswer""}",0
18563b1e-a467-44b3-aed7-3607a1acd712,f8ee6ddb-455b-437c-9165-c9d560cf7e7c,2c81d7bd-1b9c-4e7f-b71f-1110af629920,3a067bf3-e35b-4a06-a868-c264ad0211f6,"{""solution"":""when a low and a high pressure system mix together and form a pressure system that is unstable. Heat rises from the ground and flows toward the low pressure system?"",""type"":""ShortAnswer""}",0
18563b1e-a467-44b3-aed7-3607a1acd712,e4fd7651-86d8-4506-9193-aafdbe72d3c8,2c81d7bd-1b9c-4e7f-b71f-1110af629920,3a42ec22-5411-46a9-9a2b-d1e3ddf3fc6c,"{""solution"":""Heating at the surface, certain topography, convergence of wind, and existence of fronts that can lead to convection and subsequent t-storms"",""type"":""ShortAnswer""}",0
18563b1e-a467-44b3-aed7-3607a1acd712,1d24f913-2b35-41b3-b963-a495285916b0,2c81d7bd-1b9c-4e7f-b71f-1110af629920,3d9cf3ef-633e-4722-9af1-86bfefb966a9,"{""solution"":""Different wind direction for surface and upper atmosphere as well as different temperatures and moisture levels"",""type"":""ShortAnswer""}",0
18563b1e-a467-44b3-aed7-3607a1acd712,f33e90b6-9054-446c-ab49-d8be73b65a2c,2c81d7bd-1b9c-4e7f-b71f-1110af629920,3efb67be-e604-44a1-8de3-2b456e87f5c6,"{""solution"":""It refers to the air's ability to resist vertical motion"",""type"":""ShortAnswer""}",0
18563b1e-a467-44b3-aed7-3607a1acd712,68431179-c94a-4cde-97bd-f6f0d2160aee,2c81d7bd-1b9c-4e7f-b71f-1110af629920,3fb378ba-a9f0-4c43-a3a4-45a19e94eb75,"{""solution"":""when the Lower air is colder than the warm air aloft"",""type"":""ShortAnswer""}",0
18563b1e-a467-44b3-aed7-3607a1acd712,3e1ed3c0-bfce-4901-b8ed-fc473022713c,2c81d7bd-1b9c-4e7f-b71f-1110af629920,43582284-a12a-4ba8-9884-cadeb11a3cf1,"{""solution"":""Dry air advecting over warm, moist air leads to convective instability"",""type"":""ShortAnswer""}",0
18563b1e-a467-44b3-aed7-3607a1acd712,431f75b0-9611-420c-b45e-d3284ec495e2,2c81d7bd-1b9c-4e7f-b71f-1110af629920,4464db7f-6cf3-4656-b645-ca947f914fd3,"{""solution"":""Changes in surface pressure"",""type"":""ShortAnswer""}",0
18563b1e-a467-44b3-aed7-3607a1acd712,c52522ef-9fbd-4d38-8ca7-f6b0672e8c6a,2c81d7bd-1b9c-4e7f-b71f-1110af629920,4d12bc9e-e5a1-4e2b-aaea-30a60f30ff80,"{""solution"":""The cold and dry air overlying humid air. "",""type"":""ShortAnswer""}",0
18563b1e-a467-44b3-aed7-3607a1acd712,ddc6e9fb-83b4-4a2f-b86f-2e34ca2b1c45,2c81d7bd-1b9c-4e7f-b71f-1110af629920,4ed5a350-cc82-4ff0-94ae-3bc38c7324a4,"{""solution"":""Air in the upper atmosphere is significantly colder than air at surface (temperature difference is large enough to cause air to rise upward)."",""type"":""ShortAnswer""}",0
18563b1e-a467-44b3-aed7-3607a1acd712,7fe71daf-aa79-4c19-b576-47f1e4e36324,2c81d7bd-1b9c-4e7f-b71f-1110af629920,4f1f07f6-ba28-4a67-88db-7ac03be4e9f8,"{""solution"":""a small lapse rate lower than environmental rate"",""type"":""ShortAnswer""}",0
18563b1e-a467-44b3-aed7-3607a1acd712,85cf2211-1c64-49c1-8416-525107ce5f3a,2c81d7bd-1b9c-4e7f-b71f-1110af629920,511a5e2e-383d-4288-91a3-3c97117e0597,"{""solution"":""Convective instability occurs when the air is cooler aloft than at the surface."",""type"":""ShortAnswer""}",0
18563b1e-a467-44b3-aed7-3607a1acd712,2db10c95-b507-4211-8244-394361148b22,2c81d7bd-1b9c-4e7f-b71f-1110af629920,52c00246-5623-407f-98c0-b5085a8b9afa,"{""solution"":""Hot air mass underneath cold air mass"",""type"":""ShortAnswer""}",0
18563b1e-a467-44b3-aed7-3607a1acd712,35dd482e-64b9-4628-98d1-5d1a09d9bf19,2c81d7bd-1b9c-4e7f-b71f-1110af629920,52d9b290-2fe2-4b55-9b1b-71e5f7a1e90e,"{""solution"":""Warm and high pressure."",""type"":""ShortAnswer""}",0
18563b1e-a467-44b3-aed7-3607a1acd712,466fb5f2-d7f4-429f-824e-33023abe9f29,2c81d7bd-1b9c-4e7f-b71f-1110af629920,5312dbdb-c931-4964-8bdb-d4d9b3e60bef,"{""solution"":""Convergence of molecules, temperature,wind, humidity"",""type"":""ShortAnswer""}",0
18563b1e-a467-44b3-aed7-3607a1acd712,97290fec-0d80-4141-94f9-3152f1c7523f,2c81d7bd-1b9c-4e7f-b71f-1110af629920,5656ddab-dcf7-4e07-b28e-0a3cdc5cd140,"{""solution"":""downdraf"",""type"":""ShortAnswer""}",0
18563b1e-a467-44b3-aed7-3607a1acd712,9b72e118-0f59-42b0-b3ec-2b3ce8fb0b17,2c81d7bd-1b9c-4e7f-b71f-1110af629920,5885f049-8dbe-4207-a564-7b900f12c40c,"{""solution"":""idk"",""type"":""ShortAnswer""}",0
18563b1e-a467-44b3-aed7-3607a1acd712,a96f4cd9-95b4-4ffc-a83b-a3e72508dda1,2c81d7bd-1b9c-4e7f-b71f-1110af629920,5bd84ec0-14fd-468f-ae79-8fef83309f8e,"{""solution"":""The unperfect system of the atmosphere means convection isn't going to work perfectly. "",""type"":""ShortAnswer""}",0
18563b1e-a467-44b3-aed7-3607a1acd712,8b49f80f-54a8-484c-a8b9-c83ee020de04,2c81d7bd-1b9c-4e7f-b71f-1110af629920,5e9ae76d-41d5-419e-ad5e-82582305f46c,"{""solution"":""This is when there is vertical resistance "",""type"":""ShortAnswer""}",0
18563b1e-a467-44b3-aed7-3607a1acd712,8263a6c7-de55-4ce5-83e4-0781462a13bc,2c81d7bd-1b9c-4e7f-b71f-1110af629920,61ed4550-21cc-4d40-99fc-f86792445ea6,"{""solution"":""unstable hot and cold weather conditions"",""type"":""ShortAnswer""}",0
18563b1e-a467-44b3-aed7-3607a1acd712,7a43357d-8e02-464c-b081-62c680aa0b0a,2c81d7bd-1b9c-4e7f-b71f-1110af629920,62c266d1-a538-4218-9c62-5d5a4b1bfcd5,"{""solution"":""the convection patterns of the airflow are uneven and pressure is being pushed more to one side than the other instead of a perfectly even/round cycle"",""type"":""ShortAnswer""}",0
18563b1e-a467-44b3-aed7-3607a1acd712,16f4c766-24c1-4626-ac50-e582a4b1aec3,2c81d7bd-1b9c-4e7f-b71f-1110af629920,64146aaa-a59e-4d4e-abac-97bea896cfef,"{""solution"":""Conditions that lead to convective instability are warm surface level air and cold upper tropospheric air."",""type"":""ShortAnswer""}",0
18563b1e-a467-44b3-aed7-3607a1acd712,b08b3266-9ab1-456e-aa37-8016ab2b9143,2c81d7bd-1b9c-4e7f-b71f-1110af629920,65a4315a-4d44-4548-a608-307be1c957da,"{""solution"":""The ground being a different temperature than the upper atmosphere."",""type"":""ShortAnswer""}",0
18563b1e-a467-44b3-aed7-3607a1acd712,8c555b2c-888a-40de-8334-046c36247489,2c81d7bd-1b9c-4e7f-b71f-1110af629920,6b012fd2-e8ae-4174-bf4f-c379b28d26be,"{""solution"":""When dry mid-level air advects over warmer moist air below."",""type"":""ShortAnswer""}",0
18563b1e-a467-44b3-aed7-3607a1acd712,62c77fa6-d52f-4a18-a3bc-6d349d5cb3a6,2c81d7bd-1b9c-4e7f-b71f-1110af629920,6c3263ca-b475-46f1-bf0f-712c9349ca1e,"{""solution"":""Warm air below cool air makes convective instability"",""type"":""ShortAnswer""}",0
18563b1e-a467-44b3-aed7-3607a1acd712,153abdee-c458-4b0d-9900-897c6febb758,2c81d7bd-1b9c-4e7f-b71f-1110af629920,6c642e82-4777-4d80-96ef-88a10a0b2e0a,"{""solution"":""Cold air falling in the upper atmosphere, warm air rising in the lower atmosphere"",""type"":""ShortAnswer""}",0
18563b1e-a467-44b3-aed7-3607a1acd712,26f22370-6112-451c-b4f7-fcc192ddec1e,2c81d7bd-1b9c-4e7f-b71f-1110af629920,6deabb4c-3838-4fe2-a2bd-3a503fda9902,"{""solution"":""when the air near the surface is warmer than the air aloft"",""type"":""ShortAnswer""}",0
18563b1e-a467-44b3-aed7-3607a1acd712,be4cdacc-a879-4f6c-8f69-6383759eaaed,2c81d7bd-1b9c-4e7f-b71f-1110af629920,6eaca3b3-e58f-4577-ad6b-71365e9ff0e6,"{""solution"":""swift changes in air pressure"",""type"":""ShortAnswer""}",0
18563b1e-a467-44b3-aed7-3607a1acd712,6a562ea0-a7e8-49f5-8d21-44984ef77b2e,2c81d7bd-1b9c-4e7f-b71f-1110af629920,71d61fa3-dda5-4c64-972c-3ea02084238e,"{""solution"":""Air aloft is way warmer than air near the ground - the air near the ground ends up being fully saturated, while the air above is not saturated"",""type"":""ShortAnswer""}",0
18563b1e-a467-44b3-aed7-3607a1acd712,732f3603-5e2b-44e7-9681-29a28f6d7d7e,2c81d7bd-1b9c-4e7f-b71f-1110af629920,7296acf8-cf47-43ec-a9e8-6fd59a736ac6,"{""solution"":""warm surface air cool air above"",""type"":""ShortAnswer""}",0
18563b1e-a467-44b3-aed7-3607a1acd712,9da013db-1acf-4945-9fb9-3244c529ec07,2c81d7bd-1b9c-4e7f-b71f-1110af629920,7322c223-2b9c-422a-8d3e-51cfd1adffde,"{""solution"":""ability to resist vertical motion"",""type"":""ShortAnswer""}",0
18563b1e-a467-44b3-aed7-3607a1acd712,330b1fbe-fec4-4d76-abb7-16f9c2a8d8dd,2c81d7bd-1b9c-4e7f-b71f-1110af629920,745275bc-0116-4073-a499-968445ed2e3e,"{""solution"":""Vertical disturbances"",""type"":""ShortAnswer""}",0
18563b1e-a467-44b3-aed7-3607a1acd712,f38f059a-2487-4127-9a7f-c4983abda9a7,2c81d7bd-1b9c-4e7f-b71f-1110af629920,765607de-0d58-4f9e-a04b-4ec8255c8a59,"{""solution"":""Warm and cold air contrast "",""type"":""ShortAnswer""}",0
18563b1e-a467-44b3-aed7-3607a1acd712,324ce94c-5920-4714-b9cf-016906f57053,2c81d7bd-1b9c-4e7f-b71f-1110af629920,76c773cc-05b2-4670-b345-c769d21fce9c,"{""solution"":""moist air on top"",""type"":""ShortAnswer""}",0
18563b1e-a467-44b3-aed7-3607a1acd712,fd935292-52e7-46bb-81b9-226e050becc8,2c81d7bd-1b9c-4e7f-b71f-1110af629920,7801e40c-111e-423a-9a83-feaf410250b4,"{""solution"":""The conditions that lead to convective instability are when there is cooler air in the upper atmosphere and warmer air at the surface."",""type"":""ShortAnswer""}",0
18563b1e-a467-44b3-aed7-3607a1acd712,cd09a988-d86e-467b-af2c-24afba3c2bff,2c81d7bd-1b9c-4e7f-b71f-1110af629920,797d56af-9e00-424e-928e-a4821143ac02,"{""solution"":""ss"",""type"":""ShortAnswer""}",0
18563b1e-a467-44b3-aed7-3607a1acd712,65306f0d-4b60-413a-9773-2e6fb44d0cb9,2c81d7bd-1b9c-4e7f-b71f-1110af629920,7a978015-3722-4973-b6ea-38d1d4093a62,"{""solution"":""A warm moist lower atmosphere temp and a cold dry upper atmosphere temp"",""type"":""ShortAnswer""}",0
18563b1e-a467-44b3-aed7-3607a1acd712,a84353df-a5a2-4e14-8b1e-caae051cee28,2c81d7bd-1b9c-4e7f-b71f-1110af629920,7eab94f8-01fa-4110-a9e5-1c70b768f3b3,"{""solution"":""vertical disturbances"",""type"":""ShortAnswer""}",0
18563b1e-a467-44b3-aed7-3607a1acd712,b46cf4bc-a16b-4094-958d-f8969f73ccae,2c81d7bd-1b9c-4e7f-b71f-1110af629920,84551c98-f7bf-45f4-afda-bd416379217b,"{""solution"":""so convected instability is the ability to resist vertical motion of the air so i would say that the cause of this would be warm air forced to move vertically."",""type"":""ShortAnswer""}",0
18563b1e-a467-44b3-aed7-3607a1acd712,fc2421d6-aec1-4183-bf73-1d3d5cc73ea6,2c81d7bd-1b9c-4e7f-b71f-1110af629920,84cbaa33-40d2-4692-9c17-e7185f90de80,"{""solution"":""No idea.."",""type"":""ShortAnswer""}",0
18563b1e-a467-44b3-aed7-3607a1acd712,482883a6-f000-4b55-90d0-93a288cc3a27,2c81d7bd-1b9c-4e7f-b71f-1110af629920,85a62653-62df-49b8-8452-1c1f29b4f3a0,"{""solution"":""Dry mid-level air mixes with warm moist air in the lower troposphere."",""type"":""ShortAnswer""}",0
18563b1e-a467-44b3-aed7-3607a1acd712,e5b73eb2-4b29-4b83-8d57-9cf1fde5ec96,2c81d7bd-1b9c-4e7f-b71f-1110af629920,86469f46-c700-4086-a334-672479f128d3,"{""solution"":""Instability in the upper atmosphere do to heating of the earth/ lower atmostphere while the u\\\\air aloft is cold"",""type"":""ShortAnswer""}",0
18563b1e-a467-44b3-aed7-3607a1acd712,7acd591a-d8dd-4845-8b5a-14969e8beaef,2c81d7bd-1b9c-4e7f-b71f-1110af629920,881aefeb-0be2-4f83-a1ec-1e48b208007c,"{""solution"":""Dry air above warm moist air"",""type"":""ShortAnswer""}",0
18563b1e-a467-44b3-aed7-3607a1acd712,2bde00bc-7d8b-4163-b1e8-ae4446235ea7,2c81d7bd-1b9c-4e7f-b71f-1110af629920,8adc4e01-6079-427f-98c1-e36a577588cf,"{""solution"":""mixing temperatures and moisture"",""type"":""ShortAnswer""}",0
18563b1e-a467-44b3-aed7-3607a1acd712,cd466ae7-0653-4118-b25d-cd5200125a70,2c81d7bd-1b9c-4e7f-b71f-1110af629920,8bf703e4-cfba-4e5f-94fc-b73aa4919b5a,"{""solution"":""humid and warm"",""type"":""ShortAnswer""}",0
18563b1e-a467-44b3-aed7-3607a1acd712,d276f41b-7083-4220-bea5-99352a0acb6c,2c81d7bd-1b9c-4e7f-b71f-1110af629920,933a885e-38ee-43a1-b55a-e2431d505c7f,"{""solution"":""It means that the atmosphere is convectively unstable because of the high to low pressure gradient\\n"",""type"":""ShortAnswer""}",0
18563b1e-a467-44b3-aed7-3607a1acd712,c436097b-9ee7-49b7-859a-2b3b4ebe7a04,2c81d7bd-1b9c-4e7f-b71f-1110af629920,94707a24-a963-43ad-ae13-62e37603890f,"{""solution"":""meeting of hot, humid air and cold, dry air."",""type"":""ShortAnswer""}",0
18563b1e-a467-44b3-aed7-3607a1acd712,628ac67f-4dc0-4af1-94f6-0bc2f1df8b1a,2c81d7bd-1b9c-4e7f-b71f-1110af629920,95c9a2f7-d7e9-4702-9799-74f7cc76d4d0,"{""solution"":""Cold air aloft and warm moist air at the surface"",""type"":""ShortAnswer""}",0
18563b1e-a467-44b3-aed7-3607a1acd712,e6d5df6b-87ee-4e94-9304-959fac4673d9,2c81d7bd-1b9c-4e7f-b71f-1110af629920,95e7dff5-711d-4123-818c-8ff50b321b0c,"{""solution"":""When the air near surface is warmer than the air in aloft."",""type"":""ShortAnswer""}",0
18563b1e-a467-44b3-aed7-3607a1acd712,5a9700e3-b789-46b3-91d4-02ecc81a41cf,2c81d7bd-1b9c-4e7f-b71f-1110af629920,96ba7a4d-c926-4e9f-b67d-ca66fd635684,"{""solution"":""convective instability or stability of an air mass refers to its ability to resist vertical motion. A stable atmosphere makes vertical movement difficult, and small vertical disturbances dampen out and disappear."",""type"":""ShortAnswer""}",0
18563b1e-a467-44b3-aed7-3607a1acd712,778acc54-f549-49ee-b1d2-e368a0277180,2c81d7bd-1b9c-4e7f-b71f-1110af629920,9775eebc-c089-42c3-a700-6d9d540564ba,"{""solution"":""the wind shear is very extreme."",""type"":""ShortAnswer""}",0
18563b1e-a467-44b3-aed7-3607a1acd712,12176e84-d865-4d90-aca8-70e7b0a60e64,2c81d7bd-1b9c-4e7f-b71f-1110af629920,98dd8bc6-5c33-4cd7-902d-85e8bd8e823b,"{""solution"":""wet adiabatic lapse rate < Environmental lapse rate < dry adiabatic lapse rate"",""type"":""ShortAnswer""}",0
18563b1e-a467-44b3-aed7-3607a1acd712,453afe7d-59a7-425a-a8c8-2284ac5483ff,2c81d7bd-1b9c-4e7f-b71f-1110af629920,992066b6-e35f-48d6-9e0b-70d589bc572c,"{""solution"":""warm air near surface, cold air above"",""type"":""ShortAnswer""}",0
18563b1e-a467-44b3-aed7-3607a1acd712,e362a2e0-7d0d-409e-9d60-cc7c6bb88095,2c81d7bd-1b9c-4e7f-b71f-1110af629920,99471569-e969-46d2-ac58-c3c52c6a1769,"{""solution"":""cold, dry air"",""type"":""ShortAnswer""}",0
18563b1e-a467-44b3-aed7-3607a1acd712,5f6c1cf6-bf33-4029-8168-3cf5bbdb2d27,2c81d7bd-1b9c-4e7f-b71f-1110af629920,9b614b4c-d7e6-456c-a0d2-2124c5b3b1e3,"{""solution"":""A lot of warm air"",""type"":""ShortAnswer""}",0
18563b1e-a467-44b3-aed7-3607a1acd712,6d129b5a-bfe9-41e1-b80a-9ea082497a43,2c81d7bd-1b9c-4e7f-b71f-1110af629920,9dbcfc03-2bd7-4af9-831c-fed70bfdc75a,"{""solution"":""When the air towards the ground is warmer and the air in the sky is cold. This imbalance fuels extreme weather."",""type"":""ShortAnswer""}",0
18563b1e-a467-44b3-aed7-3607a1acd712,ea0055fe-be4f-4341-8124-4ab5ee6ea91d,2c81d7bd-1b9c-4e7f-b71f-1110af629920,9f3ff085-4fd2-4197-a6fa-2ca789e71b2e,"{""solution"":""An unstable atmosphere in which the air near the surface is warm and dry while the air above is cold and wet."",""type"":""ShortAnswer""}",0
18563b1e-a467-44b3-aed7-3607a1acd712,d0f4698f-8076-4923-86a9-7e4c8ea2aab9,2c81d7bd-1b9c-4e7f-b71f-1110af629920,a02919cf-e157-45ce-a604-5402c7ef248d,"{""solution"":""Warm air rising and cold air descending "",""type"":""ShortAnswer""}",0
18563b1e-a467-44b3-aed7-3607a1acd712,1ffa7a58-cbb1-4040-9ff3-69be4210d5cc,2c81d7bd-1b9c-4e7f-b71f-1110af629920,a0469e50-5146-4b08-8f91-e6adb9d0fb1c,"{""solution"":""its ability to resist vertical motion"",""type"":""ShortAnswer""}",0
18563b1e-a467-44b3-aed7-3607a1acd712,ed0b4041-7757-479a-a317-88e270255a47,2c81d7bd-1b9c-4e7f-b71f-1110af629920,a24d40ef-8edb-4545-9ab8-45d48b6bf0c5,"{""solution"":""Having a cell that has hot air rising and bubbling to the top while the cold air is having to sift down below where it should be sitting"",""type"":""ShortAnswer""}",0
18563b1e-a467-44b3-aed7-3607a1acd712,f0be1681-a0ca-4188-8ce6-c2b22af654ff,2c81d7bd-1b9c-4e7f-b71f-1110af629920,a32b4289-3fe3-4df9-a55c-72ec6c0e71bc,"{""solution"":""high pressure and low pressure systems coming together and pushing against one another\\n"",""type"":""ShortAnswer""}",0
18563b1e-a467-44b3-aed7-3607a1acd712,e780d1bf-1ff2-4b40-be1e-6304c467cf7f,2c81d7bd-1b9c-4e7f-b71f-1110af629920,a7f32386-0d92-4435-a4fe-0ea4206eea8c,"{""solution"":""convective instability is caused by there being a high environmental lapse rate, resulting in air cooling at a very fast rate when it rises and leading to storms"",""type"":""ShortAnswer""}",0
18563b1e-a467-44b3-aed7-3607a1acd712,1a8d6001-e7a6-4fb5-a356-1f6dee17b396,2c81d7bd-1b9c-4e7f-b71f-1110af629920,a89d25b7-9fe5-4eb5-9a7c-d3c03a97df96,"{""solution"":""A strong vertical wind shear and a warm surface air with cool air aloft."",""type"":""ShortAnswer""}",0
18563b1e-a467-44b3-aed7-3607a1acd712,94c201f9-5007-4597-9d0f-dc2a3605567e,2c81d7bd-1b9c-4e7f-b71f-1110af629920,a8c73934-b571-4a3e-af11-f43c1fd70af2,"{""solution"":""the ability of the mass to resist vertical motion"",""type"":""ShortAnswer""}",0
18563b1e-a467-44b3-aed7-3607a1acd712,76c0c898-4e99-461b-9cb8-5b940acbea42,2c81d7bd-1b9c-4e7f-b71f-1110af629920,aa76696c-1fb3-4f0b-88f9-6d43ab02d082,"{""solution"":"" I'm not sure"",""type"":""ShortAnswer""}",0
18563b1e-a467-44b3-aed7-3607a1acd712,46a4ecb6-343c-4ae7-83ec-7c95d4e10cc6,2c81d7bd-1b9c-4e7f-b71f-1110af629920,ab634771-cac6-47d8-983b-5529d3b67116,"{""solution"":""A temperature inversion"",""type"":""ShortAnswer""}",0
18563b1e-a467-44b3-aed7-3607a1acd712,b3f5c2a0-d4f0-461b-97c2-ccb176b05cb4,2c81d7bd-1b9c-4e7f-b71f-1110af629920,ac4e74dc-71ef-4305-9467-907b8d25349c,"{""solution"":""When the convection of air lead to atmospheric instability"",""type"":""ShortAnswer""}",0
18563b1e-a467-44b3-aed7-3607a1acd712,438d4c40-4289-4589-a498-5d9241b4f32b,2c81d7bd-1b9c-4e7f-b71f-1110af629920,acf766f3-6d41-4779-843c-248ae05b84d1,"{""solution"":""layer of unsaturated air when its lapse rate of temperature is less than the dry-adiabatic lapse"",""type"":""ShortAnswer""}",0
18563b1e-a467-44b3-aed7-3607a1acd712,b5009b89-faf4-4d53-b713-786fe181693f,2c81d7bd-1b9c-4e7f-b71f-1110af629920,ad98ef67-2fa0-4552-8887-4610bafbc0c1,"{""solution"":""rising air parcel"",""type"":""ShortAnswer""}",0
18563b1e-a467-44b3-aed7-3607a1acd712,eafdd2ec-b649-4fbb-8e44-73e8f0a47adc,2c81d7bd-1b9c-4e7f-b71f-1110af629920,b0173460-cfe1-40d2-9692-a50b267430d2,"{""solution"":""Convective instability is caused by rapidly moving wind transferring heat at an unstable rate."",""type"":""ShortAnswer""}",0
18563b1e-a467-44b3-aed7-3607a1acd712,5e327427-fc62-4ab9-86ae-57ab81d7234f,2c81d7bd-1b9c-4e7f-b71f-1110af629920,b6642e96-a679-4620-aede-1f9b15e9dd8a,"{""solution"":""when dry midlevel air advects over warm moist air "",""type"":""ShortAnswer""}",0
18563b1e-a467-44b3-aed7-3607a1acd712,082d8bf4-9cb7-4af4-9bbb-ea72b51fd0d2,2c81d7bd-1b9c-4e7f-b71f-1110af629920,b783592e-3337-4dca-9b5e-b1c16eaf66f6,"{""solution"":""when dry mid-level air goes over warm and moist air"",""type"":""ShortAnswer""}",0
18563b1e-a467-44b3-aed7-3607a1acd712,991d7c73-5799-451f-82d9-0c7eb1dc19d8,2c81d7bd-1b9c-4e7f-b71f-1110af629920,b8beeac8-10a7-4391-a57b-29ec19089119,"{""solution"":""Convective instability is the ability of the air mass to resist vertical motion. A stable atmosphere promotes these conditions. "",""type"":""ShortAnswer""}",0
18563b1e-a467-44b3-aed7-3607a1acd712,592aeb0a-33ad-470e-9cb7-03ed67da679c,2c81d7bd-1b9c-4e7f-b71f-1110af629920,ba05fa31-38b1-4c44-affd-a683a453b02e,"{""solution"":""when the layer above is colder than the layer of air at the surface - this type of thing leads to the creation of severe thunderstorms "",""type"":""ShortAnswer""}",0
18563b1e-a467-44b3-aed7-3607a1acd712,ec7ade01-820b-4bb6-a4a5-e48a5ef33a43,2c81d7bd-1b9c-4e7f-b71f-1110af629920,bb1a2a19-fc1d-40e9-8b35-8460199122fa,"{""solution"":""very moist air and a mix of high and low temperatures\\n"",""type"":""ShortAnswer""}",0
18563b1e-a467-44b3-aed7-3607a1acd712,02ed9869-d925-4761-8947-20e74a7420a0,2c81d7bd-1b9c-4e7f-b71f-1110af629920,bcd88046-80a7-49b8-8de7-b78144c3782f,"{""solution"":""High temperature gradiant between upper and lower atmosphere"",""type"":""ShortAnswer""}",0
18563b1e-a467-44b3-aed7-3607a1acd712,dcf57c8c-349f-4ae2-81fc-61f8a1b0ae91,2c81d7bd-1b9c-4e7f-b71f-1110af629920,be6d1cba-6d40-4084-ba73-e59739ba2cd2,"{""solution"":""Warm surface air; cold air aloft; lifting a parcel of air."",""type"":""ShortAnswer""}",0
18563b1e-a467-44b3-aed7-3607a1acd712,626e1fad-0b67-4788-84b8-ce53247631f1,2c81d7bd-1b9c-4e7f-b71f-1110af629920,c09ab60a-5047-4475-b68a-4652552b1ac3,"{""solution"":""cold air sinking, hot air rising, spinning air creates upward drafts, divergence in the upper atmosphere mixes winds... boom "",""type"":""ShortAnswer""}",0
18563b1e-a467-44b3-aed7-3607a1acd712,78e2f5b1-6547-4481-aa92-1e8943731f33,2c81d7bd-1b9c-4e7f-b71f-1110af629920,c138a7c5-917f-4644-a27c-ffeb906b150f,"{""solution"":""vertical regions of low pressure systems "",""type"":""ShortAnswer""}",0
18563b1e-a467-44b3-aed7-3607a1acd712,a2ff3184-4831-4f0c-aba5-43479d463e53,2c81d7bd-1b9c-4e7f-b71f-1110af629920,c1e80a83-20b3-47d8-962c-50aa4b3d25fb,"{""solution"":""environmental lapse rate greater than dry adiabatic rate"",""type"":""ShortAnswer""}",0
18563b1e-a467-44b3-aed7-3607a1acd712,2775f8e3-002f-4142-9b97-2bfb1bc4a5c4,2c81d7bd-1b9c-4e7f-b71f-1110af629920,c291ac5c-f46f-4bb6-aa4d-5a776670b898,"{""solution"":""two different pressures, opposite wind directions, temperature differences "",""type"":""ShortAnswer""}",0
18563b1e-a467-44b3-aed7-3607a1acd712,6cfd9e82-ec26-44ad-857c-d60acdfd3132,2c81d7bd-1b9c-4e7f-b71f-1110af629920,c7ee9792-12cb-4be8-82d7-c9e310c80606,"{""solution"":""Very warm or cool temperatures"",""type"":""ShortAnswer""}",0
18563b1e-a467-44b3-aed7-3607a1acd712,a3ee50b8-5dcf-42dd-8b61-31c8f5a0c88c,2c81d7bd-1b9c-4e7f-b71f-1110af629920,c82ce8d8-2ed1-4ad6-90b1-0bcbb7d69cc7,"{""solution"":""Environmental lapse rate is in between dry and moist"",""type"":""ShortAnswer""}",0
18563b1e-a467-44b3-aed7-3607a1acd712,1e18c0ce-d24a-451a-9775-53a35e451dfb,2c81d7bd-1b9c-4e7f-b71f-1110af629920,c88656e0-f267-489d-bbb2-128e5cc28109,"{""solution"":""Different levels of the atmosphere are saturated and some are not"",""type"":""ShortAnswer""}",0
18563b1e-a467-44b3-aed7-3607a1acd712,b3af6568-0a91-4032-ba17-b7cde63bf438,2c81d7bd-1b9c-4e7f-b71f-1110af629920,c92e6cd5-76f8-4571-a9c0-37e7c9a5c6aa,"{""solution"":""no vertical motion"",""type"":""ShortAnswer""}",0
18563b1e-a467-44b3-aed7-3607a1acd712,e6a1ba6b-49ea-4f3f-a277-c8b98d6abb33,2c81d7bd-1b9c-4e7f-b71f-1110af629920,c9f2760c-ceac-4185-93f6-742bcce532b4,"{""solution"":""different air pressures at different heights in the atmosphere"",""type"":""ShortAnswer""}",0
18563b1e-a467-44b3-aed7-3607a1acd712,6e0eff30-a1ac-40dc-af79-e1c41239fc70,2c81d7bd-1b9c-4e7f-b71f-1110af629920,cf17602a-526d-459b-b75c-f719aa9ad93e,"{""solution"":""n/a"",""type"":""ShortAnswer""}",0
18563b1e-a467-44b3-aed7-3607a1acd712,5395dd8f-57f7-41e2-b31b-92e3a2bf0e38,2c81d7bd-1b9c-4e7f-b71f-1110af629920,d3548a08-08e8-4912-a551-47ebaf24be63,"{""solution"":""This is when temperatures at the surface are much warmer than at high altitudes."",""type"":""ShortAnswer""}",0
18563b1e-a467-44b3-aed7-3607a1acd712,85f3999b-3375-4789-86f5-6e1fc97e0cce,2c81d7bd-1b9c-4e7f-b71f-1110af629920,d3bda0fb-95c2-4f74-aa1c-41522b16535d,"{""solution"":""high heat, strong winds. mixing of clouds"",""type"":""ShortAnswer""}",0
18563b1e-a467-44b3-aed7-3607a1acd712,9378d81c-5125-47a7-b061-a2d8b2ec4786,2c81d7bd-1b9c-4e7f-b71f-1110af629920,d4313b60-65e4-4990-97db-757fe4756f09,"{""solution"":""Two air different masses going opposite directions"",""type"":""ShortAnswer""}",0
18563b1e-a467-44b3-aed7-3607a1acd712,39f5277e-7151-4390-b9ed-cba510e7f8d9,2c81d7bd-1b9c-4e7f-b71f-1110af629920,d4331c72-3514-4ee0-a875-55ecff3d59b7,"{""solution"":""Thick air that resists vertical motion"",""type"":""ShortAnswer""}",0
18563b1e-a467-44b3-aed7-3607a1acd712,28377366-250c-4091-9a78-ea83ad57fa6d,2c81d7bd-1b9c-4e7f-b71f-1110af629920,d8579425-f69a-430c-b0eb-24c16468c41f,"{""solution"":""warm air mixes with the cold air aloft\\n"",""type"":""ShortAnswer""}",0
18563b1e-a467-44b3-aed7-3607a1acd712,cc699717-570d-4c62-aa31-aad5c7ddfcf8,2c81d7bd-1b9c-4e7f-b71f-1110af629920,daa7ca35-5d7d-4af8-baa4-1ff4f0bd1873,"{""solution"":""warm/hot air mixing with cool/dry air in the upper atmosphere"",""type"":""ShortAnswer""}",0
18563b1e-a467-44b3-aed7-3607a1acd712,688a86ec-6b4c-49f3-a5ef-3c4a3fc2bd14,2c81d7bd-1b9c-4e7f-b71f-1110af629920,de32cea5-1d25-441c-a28b-62374ddc7dd2,"{""solution"":""Nearly saturated air at the surface, and dry cool air in the atmosphere"",""type"":""ShortAnswer""}",0
18563b1e-a467-44b3-aed7-3607a1acd712,4be02897-2391-41d0-91ff-1ec240367867,2c81d7bd-1b9c-4e7f-b71f-1110af629920,e10ac288-9f4a-48d6-abad-0225f6220139,"{""solution"":""temperature and dampness differences in the atmosphere"",""type"":""ShortAnswer""}",0
18563b1e-a467-44b3-aed7-3607a1acd712,572a5a74-2268-44a0-98d3-c31fe916f13c,2c81d7bd-1b9c-4e7f-b71f-1110af629920,e344a721-8360-404a-8958-1073d50612c5,"{""solution"":""it means the atmosphere is really hot near the bottom and really cold near the top."",""type"":""ShortAnswer""}",0
18563b1e-a467-44b3-aed7-3607a1acd712,606f3fd7-ef3c-4eda-9103-bf78ea63b12f,2c81d7bd-1b9c-4e7f-b71f-1110af629920,eab1aaf6-5f4f-4876-9056-8fb96d7fff64,"{""solution"":""when the surface air is warm and moist and the air aloft is cold and dry"",""type"":""ShortAnswer""}",0
18563b1e-a467-44b3-aed7-3607a1acd712,07d43552-746c-48de-8743-e66f9f06a2ba,2c81d7bd-1b9c-4e7f-b71f-1110af629920,efcf2000-4f7c-4c81-beb4-f9654956792c,"{""solution"":""Warm air cold air"",""type"":""ShortAnswer""}",0
18563b1e-a467-44b3-aed7-3607a1acd712,af95903f-0683-495c-9250-b92ac6d71df9,2c81d7bd-1b9c-4e7f-b71f-1110af629920,f1ca7f15-e550-40a0-b7a4-0233aed2a460,"{""solution"":""something to do with air parcels"",""type"":""ShortAnswer""}",0
18563b1e-a467-44b3-aed7-3607a1acd712,198fc8b0-13f4-4de5-91b6-0b842f8031a7,2c81d7bd-1b9c-4e7f-b71f-1110af629920,f3e8e77c-97b7-4e84-93d1-d45b14d0cc02,"{""solution"":""got air that rises is beneath cold air that sinks"",""type"":""ShortAnswer""}",0
18563b1e-a467-44b3-aed7-3607a1acd712,616c259a-0616-457c-8cd7-aeed4bda7c65,2c81d7bd-1b9c-4e7f-b71f-1110af629920,f761450b-ce59-4db5-937a-90e5201334f4,"{""solution"":""differing temperatures"",""type"":""ShortAnswer""}",0
18563b1e-a467-44b3-aed7-3607a1acd712,20843146-6e2a-4441-a196-07a5b4af21d1,2c81d7bd-1b9c-4e7f-b71f-1110af629920,fe339a57-c474-4651-90fc-30cbe0296e91,"{""solution"":""Warm surface air with cooler air aloft"",""type"":""ShortAnswer""}",0
18563b1e-a467-44b3-aed7-3607a1acd712,e7927a54-9e41-4892-9500-c6cf04117d73,2c81d7bd-1b9c-4e7f-b71f-1110af629920,ffa1cb1f-5c28-45aa-ba16-ea563450520a,"{""solution"":""uneven heating\\n"",""type"":""ShortAnswer""}",0
cdd8c66a-4bad-4351-ac4e-e3a946d4e798,62513764-4be8-4c1c-adf8-83bdfe061f2c,2c81d7bd-1b9c-4e7f-b71f-1110af629920,00d0c206-b7c4-4609-917b-7bee66de42eb,"{""solution"":""unstable air "",""type"":""ShortAnswer""}",0
cdd8c66a-4bad-4351-ac4e-e3a946d4e798,0e63a9cf-2b69-4a09-8333-fc7b8376e2d4,2c81d7bd-1b9c-4e7f-b71f-1110af629920,023dedc9-4670-41a9-b514-d3f58d9571ec,"{""solution"":""There must be warm, muggy air on the ground and cold, dry air higher. This leads to an inversion as a layer of air rises. After this point, the air becomes unstable"",""type"":""ShortAnswer""}",0
cdd8c66a-4bad-4351-ac4e-e3a946d4e798,c74735af-6e4f-4b1f-913f-a773f13f7f72,2c81d7bd-1b9c-4e7f-b71f-1110af629920,03068789-46b9-4b81-9ef2-3ae168bdfb55,"{""solution"":""Dry air cools more quickly than the moist (saturated) air. "",""type"":""ShortAnswer""}",0
cdd8c66a-4bad-4351-ac4e-e3a946d4e798,ec7fa48b-651d-4c35-8114-3a6111577648,2c81d7bd-1b9c-4e7f-b71f-1110af629920,045b8a36-2477-41a3-8b42-33b55c33eee6,"{""solution"":""We need very moist, hot air at low altitudes, and cold, dry air at high altitudes. Then the air on the way down will cool at the dry adiabatic lapse rate while the air on the way up will cool at the moist adiabatic lapse rate."",""type"":""ShortAnswer""}",0
cdd8c66a-4bad-4351-ac4e-e3a946d4e798,bb9f0537-7d6d-45e2-a1c4-2a7facdd209c,2c81d7bd-1b9c-4e7f-b71f-1110af629920,05be77b8-6aa5-4200-b328-f7212b1d687c,"{""solution"":""When the bottom of a layer is saturated and the top of the layer is unsaturated, and we lift the layer of air up into the atmosphere, the bottom of the layer will cool at the moist adiabatic lapse rate, but the top of the layer will cool at the dry adiabatic lapse rate. This produces a convectively unstable layer in the atmosphere."",""type"":""ShortAnswer""}",0
cdd8c66a-4bad-4351-ac4e-e3a946d4e798,a658dadd-d317-4173-82aa-51925d97872e,2c81d7bd-1b9c-4e7f-b71f-1110af629920,06ecbdc7-b690-4f5a-8045-cbcad746114a,"{""solution"":""Lifted layer that is saturated at the bottom and unsaturated at the top."",""type"":""ShortAnswer""}",0
cdd8c66a-4bad-4351-ac4e-e3a946d4e798,33df6019-897e-435f-b9ab-9dfc57e54dc8,2c81d7bd-1b9c-4e7f-b71f-1110af629920,07f0a4a0-5e45-499d-9753-6f7440614bdc,"{""solution"":""convective instablility is caused by an unsaturated at the ground but saturated up higher in the atmosphere."",""type"":""ShortAnswer""}",0
cdd8c66a-4bad-4351-ac4e-e3a946d4e798,51b49d29-ef8d-4220-87a7-050b206284d1,2c81d7bd-1b9c-4e7f-b71f-1110af629920,0b069a8e-5d9f-41f6-9ba3-ff8047779030,"{""solution"":""The condition in which we start lifting the air. So, this relates to CAPE. Once we start lifting the air, conditions become unstable, and we have convective instability."",""type"":""ShortAnswer""}",0
cdd8c66a-4bad-4351-ac4e-e3a946d4e798,11d27859-b7aa-4a1a-9a02-cbf392b220b6,2c81d7bd-1b9c-4e7f-b71f-1110af629920,0cf7b6ba-df7f-4158-943c-3938cb7d93f8,"{""solution"":""essentially, as we lift air, the bottom layer does not need to go as far as the top layer"",""type"":""ShortAnswer""}",0
cdd8c66a-4bad-4351-ac4e-e3a946d4e798,04b8289a-aa1f-49f1-a729-c751d876fa12,2c81d7bd-1b9c-4e7f-b71f-1110af629920,0d0404cb-8040-48ce-9afd-aa3ec234e523,"{""solution"":""The air at the top is unsaturated and the air below saturated."",""type"":""ShortAnswer""}",0
cdd8c66a-4bad-4351-ac4e-e3a946d4e798,8be8261b-4599-4a4e-bea8-d8eb2a575119,2c81d7bd-1b9c-4e7f-b71f-1110af629920,0e06a50c-59ce-4ffd-af00-de4650b1a0c7,"{""solution"":""When the lapse rate becomes very steep it will become unstable. Also when the temps get colder that affects it too.  "",""type"":""ShortAnswer""}",0
cdd8c66a-4bad-4351-ac4e-e3a946d4e798,b11c2151-1cb7-4066-aeba-67f5304a9fa6,2c81d7bd-1b9c-4e7f-b71f-1110af629920,1199fb08-c60d-486f-bf53-b95ab7f52e19,"{""solution"":""The air near the ground is warm and muggy; the air at the top is dry and cold. Those two parcels of air meet and lift up, causing the atmosphere above extremely unstable."",""type"":""ShortAnswer""}",0
cdd8c66a-4bad-4351-ac4e-e3a946d4e798,a4b65652-a42c-49f2-acda-8de9e8fde0c8,2c81d7bd-1b9c-4e7f-b71f-1110af629920,1346a9da-db19-4e1c-ac19-bf8ac42f8c63,"{""solution"":""the surface air is saturated has a lot of humidity while the air above has cold dry air. if the air at the surface wants to move up vertically, it warms at the moist adiabatic rate and air aloft at the dry adiabatic rate"",""type"":""ShortAnswer""}",0
cdd8c66a-4bad-4351-ac4e-e3a946d4e798,56f43179-9e39-4da0-a51c-a62e78886c61,2c81d7bd-1b9c-4e7f-b71f-1110af629920,13d563af-09d8-4aec-9dbf-d7cb3294cf39,"{""solution"":""As the temperature decreases, the pressure increases, but near the surface the pressure and temperature reaction is inverted, creating a difference between dry and moist rates"",""type"":""ShortAnswer""}",0
cdd8c66a-4bad-4351-ac4e-e3a946d4e798,1f0d3add-bfc4-40f7-abfc-2ee029c96a74,2c81d7bd-1b9c-4e7f-b71f-1110af629920,14b2dee5-8bad-4afe-b4b5-2cfde686143e,"{""solution"":""the heating on the ground and the cooling of air in the upper atmosphere"",""type"":""ShortAnswer""}",0
cdd8c66a-4bad-4351-ac4e-e3a946d4e798,872b2ed7-a073-4804-97a7-ea619a7d9120,2c81d7bd-1b9c-4e7f-b71f-1110af629920,1bf4cb7c-b36e-40b7-9309-4b3f64b0f63f,"{""solution"":""Convective instability is caused by the amount of degrees a layer cools by"",""type"":""ShortAnswer""}",0
cdd8c66a-4bad-4351-ac4e-e3a946d4e798,78eca5fb-8bc1-4dc1-bebb-dcc6dc9e0ded,2c81d7bd-1b9c-4e7f-b71f-1110af629920,1bf81583-9038-423b-a72f-eb4d4af433fb,"{""solution"":""Convective instability is instability caused by the lifting of an air layer. The top of the layer rises farther than the bottom of the layer, getting colder and changing the layer from isothermically stable to convectively unstable."",""type"":""ShortAnswer""}",0
cdd8c66a-4bad-4351-ac4e-e3a946d4e798,9f24b77b-1cc4-46af-a86c-ac300cf1be20,2c81d7bd-1b9c-4e7f-b71f-1110af629920,1d7a1822-4112-4b29-98fd-1878c9b225d1,"{""solution"":""mid levels of troposphere fairly dry and high dewpoints"",""type"":""ShortAnswer""}",0
cdd8c66a-4bad-4351-ac4e-e3a946d4e798,d0c0ae30-486e-476b-afbc-398482bd6c30,2c81d7bd-1b9c-4e7f-b71f-1110af629920,20f81c27-0141-4113-aaff-9a0251bb27c7,"{""solution"":""warm, muggy air at the ground with cool, dry air above it. when that warm air rises, it saturates the dry air above which allows for the formation of clouds."",""type"":""ShortAnswer""}",0
cdd8c66a-4bad-4351-ac4e-e3a946d4e798,dae9cc0a-9e1c-4edf-8b9c-1beff0dac7f6,2c81d7bd-1b9c-4e7f-b71f-1110af629920,22598e22-7789-49ba-8c4f-c3663995ef14,"{""solution"":""bottom is unsaturated"",""type"":""ShortAnswer""}",0
cdd8c66a-4bad-4351-ac4e-e3a946d4e798,31d48f53-0cf9-41e2-84ba-06b1e59cad01,2c81d7bd-1b9c-4e7f-b71f-1110af629920,23c76d1f-e1a1-4f6d-b55c-99fa18e37274,"{""solution"":""The adiabatic lapse rate is lower than the ambient lapse rate, meaning the air cools faster and will rise less"",""type"":""ShortAnswer""}",0
cdd8c66a-4bad-4351-ac4e-e3a946d4e798,7bf9b61d-33e3-4ea0-815f-7ab0ec3c6107,2c81d7bd-1b9c-4e7f-b71f-1110af629920,246ccc51-32ec-48f1-acf7-bb1de2ae12fd,"{""solution"":""dry mid-level air advects "",""type"":""ShortAnswer""}",0
cdd8c66a-4bad-4351-ac4e-e3a946d4e798,c9b6ed42-6934-41a4-b23c-fc9765fc405a,2c81d7bd-1b9c-4e7f-b71f-1110af629920,246f0809-e995-494c-bacc-58dc2d2dc843,"{""solution"":""wind speed"",""type"":""ShortAnswer""}",0
cdd8c66a-4bad-4351-ac4e-e3a946d4e798,789f6b9d-dee1-4170-943b-bdee2776fcea,2c81d7bd-1b9c-4e7f-b71f-1110af629920,2574d499-8506-4447-a5a9-544dfb5b63b2,"{""solution"":""Convective instability arises when the moist adiabatic lapse rate and the dry adiabatic lapse rate don't match. This is due to saturation of the bottom and unsaturation of the top"",""type"":""ShortAnswer""}",0
cdd8c66a-4bad-4351-ac4e-e3a946d4e798,bfe7b853-924e-44d3-8b83-15626bf71061,2c81d7bd-1b9c-4e7f-b71f-1110af629920,279b655a-cf88-49fe-ab7a-dddbbdf5943f,"{""solution"":""When there is warm, saturated air on the surface and cooler, unsaturated air above, the warm air will be stable but the cooler upper air will make it unstable due to their different lapse rates."",""type"":""ShortAnswer""}",0
cdd8c66a-4bad-4351-ac4e-e3a946d4e798,7fa0a91f-622f-47dc-b35c-74b92acdfc2f,2c81d7bd-1b9c-4e7f-b71f-1110af629920,2e28e508-509a-42d8-bd20-ab080428ce5f,"{""solution"":""Saturated warm air at the surface and cool dry air on top of it. Top of the layer cools at the dry adiabatic rate while the bottom of the layer cools at the moist adiabatic rate. Leads to a bigger and bigger difference the higher up in the atmosphere you go."",""type"":""ShortAnswer""}",0
cdd8c66a-4bad-4351-ac4e-e3a946d4e798,f218b477-d544-472a-bcaa-9eff428aaefb,2c81d7bd-1b9c-4e7f-b71f-1110af629920,2f0f68a6-43ef-46b9-98e6-cb2d53665378,"{""solution"":""When the moist and dry layers meet, it initiates instability"",""type"":""ShortAnswer""}",0
cdd8c66a-4bad-4351-ac4e-e3a946d4e798,09989283-f252-4deb-bc06-e3cddc42f2a4,2c81d7bd-1b9c-4e7f-b71f-1110af629920,30b8d083-ee94-4dac-8cfa-e7c33d216df3,"{""solution"":""kdjlask to its ability to resist vertical motion. A stable atmosphere makes vertical movement difficult, and small vertical disturbances dampen out and disappear."",""type"":""ShortAnswer""}",0
cdd8c66a-4bad-4351-ac4e-e3a946d4e798,8356fef8-e271-44ba-b9f5-721070b3ace3,2c81d7bd-1b9c-4e7f-b71f-1110af629920,314be834-3696-420e-87aa-bba6f0f372ad,"{""solution"":""1 warm moist air near the ground and dry cold air above the ground\n2 lift up the layer\n"",""type"":""ShortAnswer""}",0
cdd8c66a-4bad-4351-ac4e-e3a946d4e798,dc208273-39c9-4a0d-8a26-e7759ca29775,2c81d7bd-1b9c-4e7f-b71f-1110af629920,349d0aac-2117-408c-aa37-8db1f4c286bc,"{""solution"":""a layer unsaturated at its top and saturated near its bottom - cold dry air above and warm muggy air on the bottom"",""type"":""ShortAnswer""}",0
cdd8c66a-4bad-4351-ac4e-e3a946d4e798,b98c4ead-1ee0-4ac9-bbfb-1ea965b79acb,2c81d7bd-1b9c-4e7f-b71f-1110af629920,37319bc4-f91d-4e35-bf9a-7b4ea0d126b8,"{""solution"":""unsaturated at top saturated an bottom"",""type"":""ShortAnswer""}",0
cdd8c66a-4bad-4351-ac4e-e3a946d4e798,6284422a-09b5-465d-bd65-299238234153,2c81d7bd-1b9c-4e7f-b71f-1110af629920,3833f0c5-ceab-4b8c-9f34-5e243a518224,"{""solution"":""Dry mid-level air advects over very warm and moist air in the lower troposphere"",""type"":""ShortAnswer""}",0
cdd8c66a-4bad-4351-ac4e-e3a946d4e798,b1e57f27-af7c-41cf-9617-6d6ce5593cdf,2c81d7bd-1b9c-4e7f-b71f-1110af629920,3a3a0b73-121c-4873-9a78-2189892782c2,"{""solution"":""when there is warm and muggy air below and dry and cold air above and then this air is lifted "",""type"":""ShortAnswer""}",0
cdd8c66a-4bad-4351-ac4e-e3a946d4e798,75c812a8-0e9f-49b3-b624-9803a13e9e33,2c81d7bd-1b9c-4e7f-b71f-1110af629920,3d8553f2-fcf7-49a8-8cb0-e300b23f9ca3,"{""solution"":""Layers of air that pile on top of each other but eventually meet due to different cooling rates."",""type"":""ShortAnswer""}",0
cdd8c66a-4bad-4351-ac4e-e3a946d4e798,7115075f-fab4-48a3-9eb3-596886eac8e0,2c81d7bd-1b9c-4e7f-b71f-1110af629920,3e4ccd2b-adff-445f-acb7-d69059058f48,"{""solution"":""Convective instability occurs when dry mid-level air advects over very warm and moist air in the lower troposphere"",""type"":""ShortAnswer""}",0
cdd8c66a-4bad-4351-ac4e-e3a946d4e798,511e53c0-e025-4596-85b9-e050a4f46aa0,2c81d7bd-1b9c-4e7f-b71f-1110af629920,3f352803-6983-445d-85c6-cbe1c6abc54a,"{""solution"":""Warm, moist air at the surface meets cold, dry air above. The warm, most air will drop in temperature at the saturated lapse rate (6 C per k) and the cold, dry air will drop in temperature at the dry lapse rate (10 C per k). This leads to a much steeper slope of temp change or lapse rate in the upper atmosphere which makes the air much less stable."",""type"":""ShortAnswer""}",0
cdd8c66a-4bad-4351-ac4e-e3a946d4e798,d44a1466-a732-4f70-9696-60a0bda5b75a,2c81d7bd-1b9c-4e7f-b71f-1110af629920,4072aeb0-3eea-487b-b221-d8a236b8b857,"{""solution"":"" When the troposphere is dry and dewpoints are high"",""type"":""ShortAnswer""}",0
cdd8c66a-4bad-4351-ac4e-e3a946d4e798,448e105a-c9ce-482f-be85-eb195073896b,2c81d7bd-1b9c-4e7f-b71f-1110af629920,41438f06-e921-4756-bacc-edc10a1d1ba1,"{""solution"":""Rising warm air layer makes atmosphere more unstable."",""type"":""ShortAnswer""}",0
cdd8c66a-4bad-4351-ac4e-e3a946d4e798,8dabe23e-1d50-443c-802a-c5cb69841f19,2c81d7bd-1b9c-4e7f-b71f-1110af629920,4153fe71-ad4a-4ef0-8c73-e1c1073916c1,"{""solution"":""Convective instability occurs when a layer of air rises.  When it rises, it becomes less stable as the difference between the top and bottom of the layer increases.  Because of this change, the top of the layer will cool by the dry adiabatic rate, whereas the bottom will cool at the moist adiabatic rate.  Thus, the layer is unsaturated at its top and saturated near its bottom, becoming convectively unstable. "",""type"":""ShortAnswer""}",0
cdd8c66a-4bad-4351-ac4e-e3a946d4e798,daa32a0c-2569-4c12-b087-e0e59022bcba,2c81d7bd-1b9c-4e7f-b71f-1110af629920,43b3f01e-89a8-46a0-9cf9-97137d75052c,"{""solution"":""Warm, muggy air near the ground, and cold dry air above it. "",""type"":""ShortAnswer""}",0
cdd8c66a-4bad-4351-ac4e-e3a946d4e798,81711643-aac9-45c3-be76-bbbd9958a753,2c81d7bd-1b9c-4e7f-b71f-1110af629920,454d8409-27e5-43b5-a416-f59997a86b2a,"{""solution"":""Convective instability is when air is lifted and becomes less stable with altitude. There are two layers of air at the bottom. The first is warm and muggy, which dries at the moist adiabatic lapse rate. The cool layer is dries at dry adiabatic lapse rate. "",""type"":""ShortAnswer""}",0
cdd8c66a-4bad-4351-ac4e-e3a946d4e798,c7bd437b-ae15-493a-a56e-6bdbeca7f0dc,2c81d7bd-1b9c-4e7f-b71f-1110af629920,46c382d9-986d-49e5-a435-653f22421f42,"{""solution"":""occurs when dry mid-level air advects over very warm and moist air in the lower troposphere"",""type"":""ShortAnswer""}",0
cdd8c66a-4bad-4351-ac4e-e3a946d4e798,dee3deea-e77a-41b5-8e59-55d4d946227a,2c81d7bd-1b9c-4e7f-b71f-1110af629920,46db419d-8b5b-4715-9e9a-cadd3a1ecae2,"{""solution"":""Convective instability exists when the mid-levels of the atmosphere are fairly dry and high dew points "",""type"":""ShortAnswer""}",0
cdd8c66a-4bad-4351-ac4e-e3a946d4e798,15ddff38-7b8c-4ab1-8c22-ca8d5d4bb7cd,2c81d7bd-1b9c-4e7f-b71f-1110af629920,46e3af0b-648b-45d0-9541-cbb1b748d636,"{""solution"":""dry mid-level air advects over very warm and moist air in the lower troposphere"",""type"":""ShortAnswer""}",0
cdd8c66a-4bad-4351-ac4e-e3a946d4e798,1e22428d-331a-4645-94a9-2edf493c5470,2c81d7bd-1b9c-4e7f-b71f-1110af629920,481e8569-546a-4ae8-ac62-9ca045108ef8,"{""solution"":""warm muggy air (saturated) closer to ground, dry cool air (unsaturated) above it = different lapse rate"",""type"":""ShortAnswer""}",0
cdd8c66a-4bad-4351-ac4e-e3a946d4e798,2bd607ec-aeb1-4153-996d-a03c00f47d60,2c81d7bd-1b9c-4e7f-b71f-1110af629920,48426dcd-699f-4982-87d0-7b7f458b22a7,"{""solution"":""The air pressure from below mixes with several other factors to combine to create convective instability. ALso inversion of time"",""type"":""ShortAnswer""}",0
cdd8c66a-4bad-4351-ac4e-e3a946d4e798,db6af533-4c9a-43a9-a435-17ba77c57f3a,2c81d7bd-1b9c-4e7f-b71f-1110af629920,49154de2-472c-4fa5-bcb3-4abfd2383a36,"{""solution"":""the surface got warmed up"",""type"":""ShortAnswer""}",0
cdd8c66a-4bad-4351-ac4e-e3a946d4e798,9cf66a80-a4e2-4731-9e27-a8e4bba4cae7,2c81d7bd-1b9c-4e7f-b71f-1110af629920,4ca2e9f5-0f52-46fe-9cdd-bf11c7c66c72,"{""solution"":""This happens when dry middle level air advects over warmer moist lower air in the troposphere."",""type"":""ShortAnswer""}",0
cdd8c66a-4bad-4351-ac4e-e3a946d4e798,798cb9e7-0f3d-4d5f-bbc8-5846394c7e8a,2c81d7bd-1b9c-4e7f-b71f-1110af629920,4d5afd19-0b70-4b3c-9f1c-0727d6d1703e,"{""solution"":""when dry mid-level air advects over very warm and moist air in the lower troposphere"",""type"":""ShortAnswer""}",0
cdd8c66a-4bad-4351-ac4e-e3a946d4e798,0b5b3d8c-d10c-4287-9415-2fd5a9877b87,2c81d7bd-1b9c-4e7f-b71f-1110af629920,4df128b5-0d20-454a-9aab-5aa856cd75b0,"{""solution"":""Convective instability occurs when a parcel of air is saturated near its bottom, but not near its top. When it is lifted by some force, the bottom will cool at the moist adiabatic lapse rate, while the top will cool at the dry adiabatic lapse rate, which will inevitably lead the two pieces to meet.  "",""type"":""ShortAnswer""}",0
cdd8c66a-4bad-4351-ac4e-e3a946d4e798,489c368a-cea5-413d-b119-697f9f7b83cd,2c81d7bd-1b9c-4e7f-b71f-1110af629920,4e14c8a8-c604-422a-8eb4-ed47c58711a0,"{""solution"":""Convective instability is when the vertical movement of a parcel of air is relatively easy. The air moves up, rising air forms clouds."",""type"":""ShortAnswer""}",0
cdd8c66a-4bad-4351-ac4e-e3a946d4e798,229ad39f-c74e-4350-90c2-8afdf910c566,2c81d7bd-1b9c-4e7f-b71f-1110af629920,4e4e6b0e-c543-4677-b8e2-03027ff63deb,"{""solution"":""The moist warm air from the ground with high humidity and their is cold dry air above, this leads to convection because when the air dries it becomes less stable creating convective instability"",""type"":""ShortAnswer""}",0
cdd8c66a-4bad-4351-ac4e-e3a946d4e798,d83c88a7-c83c-4606-8b1c-31376804e976,2c81d7bd-1b9c-4e7f-b71f-1110af629920,52ef1b59-1684-442c-8f65-a2b327269737,"{""solution"":""rising air becomes unstable"",""type"":""ShortAnswer""}",0
cdd8c66a-4bad-4351-ac4e-e3a946d4e798,ab0c8811-5c92-4191-af33-ac2322fa99c3,2c81d7bd-1b9c-4e7f-b71f-1110af629920,54dbbcd0-c35c-4d6d-9758-b355121d4ba3,"{""solution"":""air at the surface is almost saturated and is warmer than the air above it, it suddenly rises and into a layer of cool air. this makes the atmosphere unstable"",""type"":""ShortAnswer""}",0
cdd8c66a-4bad-4351-ac4e-e3a946d4e798,a04e1cea-cae3-4ae2-a1e8-02a02d2dc7d3,2c81d7bd-1b9c-4e7f-b71f-1110af629920,55c04ffd-6c2a-4395-8bd5-cf45f0120930,"{""solution"":""idk"",""type"":""ShortAnswer""}",0
cdd8c66a-4bad-4351-ac4e-e3a946d4e798,bf05d377-1a38-4838-92eb-d66128075013,2c81d7bd-1b9c-4e7f-b71f-1110af629920,5725bb52-da3b-4f7b-ac51-989c7e4ceee9,"{""solution"":""Warm, muggy air is near the ground and cold, dry air is aloft. The inversion traps the warm air. When this air is lifted, due to the different adiabatic lapse rates, the air becomes even less stable"",""type"":""ShortAnswer""}",0
cdd8c66a-4bad-4351-ac4e-e3a946d4e798,69d1aebf-f1a1-4da9-952b-1118c91e17b2,2c81d7bd-1b9c-4e7f-b71f-1110af629920,5926af12-30fe-473e-8999-ddbb8df69f9c,"{""solution"":""The conditions that lead to \""convective instability\"" has something to do with the mosist and dry adaiabtic lapse rate and inversion, I don't know the specifics. The rise of air."",""type"":""ShortAnswer""}",0
cdd8c66a-4bad-4351-ac4e-e3a946d4e798,99839590-25ee-48b1-a33d-f3febc147342,2c81d7bd-1b9c-4e7f-b71f-1110af629920,5d4f0aaa-e3e5-4917-917d-7f31f8347148,"{""solution"":""Conditions where the ground is near saturated and the layer above it is dry will lead to convective instability. The air near the ground will rise and cool at the moist adiabatic rate and the air above it will cool at the dry adiabatic rate causing a bigger temperature difference which is less stable."",""type"":""ShortAnswer""}",0
cdd8c66a-4bad-4351-ac4e-e3a946d4e798,b5b5feb3-424a-445d-a267-2b0940a15a2a,2c81d7bd-1b9c-4e7f-b71f-1110af629920,5d8ba7fa-14f9-4d26-aafb-ec8663e04816,"{""solution"":""unstable air"",""type"":""ShortAnswer""}",0
cdd8c66a-4bad-4351-ac4e-e3a946d4e798,913a597e-dbe6-44ef-a7d1-1163ef6ec4e3,2c81d7bd-1b9c-4e7f-b71f-1110af629920,5da81b10-98ce-44d2-a9be-4b3e14d03283,"{""solution"":""Ability to resist vertical motion"",""type"":""ShortAnswer""}",0
cdd8c66a-4bad-4351-ac4e-e3a946d4e798,5a0ac699-cb3f-4721-837c-78f6f06a23f6,2c81d7bd-1b9c-4e7f-b71f-1110af629920,5dcd4367-c896-4a75-a1e9-a05cf6176915,"{""solution"":""(Nearly) saturated air near the ground (hot/muggy) cools at the moist adiabatic rate and unsaturated air above (cold/dry and inversion) cools at the dry adiabatic rate"",""type"":""ShortAnswer""}",0
cdd8c66a-4bad-4351-ac4e-e3a946d4e798,50a06438-5652-41d4-a816-36b8b420b847,2c81d7bd-1b9c-4e7f-b71f-1110af629920,5f99fc1c-76b0-4aa5-a4e5-e2d06008e797,"{""solution"":""air near ground is saturated while air above it is dry"",""type"":""ShortAnswer""}",0
cdd8c66a-4bad-4351-ac4e-e3a946d4e798,5a7a94a4-5d16-4e0b-badc-90d182e8bbbf,2c81d7bd-1b9c-4e7f-b71f-1110af629920,60e5e7fd-e8db-4c59-9b5b-a14553a81f78,"{""solution"":""unstable atmosphere"",""type"":""ShortAnswer""}",0
cdd8c66a-4bad-4351-ac4e-e3a946d4e798,522b4fab-c6cc-4850-921d-2aa977c41184,2c81d7bd-1b9c-4e7f-b71f-1110af629920,611900d9-0ac6-4a8e-811d-2a5ca4a95542,"{""solution"":""when a layer of the air is unsaturated at its top and saturated near its bottom it is convectively unstable. "",""type"":""ShortAnswer""}",0
cdd8c66a-4bad-4351-ac4e-e3a946d4e798,d61bf247-5cc1-4ef1-a2d2-b0f9a5c0eecd,2c81d7bd-1b9c-4e7f-b71f-1110af629920,641ddbe8-fe1f-4dfa-9d2f-12d6ca4b5615,"{""solution"":""strong winds and heat "",""type"":""ShortAnswer""}",0
cdd8c66a-4bad-4351-ac4e-e3a946d4e798,c14671c6-4aa5-448f-9da2-46c34de4de78,2c81d7bd-1b9c-4e7f-b71f-1110af629920,64648a23-f9bd-4cd8-8be3-9ae572d356ea,"{""solution"":""a layer that is unsaturated at its top but is saturated at its bottom will lead to it becoming convectively unstable "",""type"":""ShortAnswer""}",0
cdd8c66a-4bad-4351-ac4e-e3a946d4e798,f253feb6-821c-44f2-9ea3-f803eee04767,2c81d7bd-1b9c-4e7f-b71f-1110af629920,64b6b36b-b72a-4634-a5f5-1d1845c71f1d,"{""solution"":""A layer unstaurated at its top and saturated at the bottom"",""type"":""ShortAnswer""}",0
cdd8c66a-4bad-4351-ac4e-e3a946d4e798,13c64c31-6189-4672-a763-b64b247726f3,2c81d7bd-1b9c-4e7f-b71f-1110af629920,64eb4976-2a40-4f75-9f89-2808b159e4f5,"{""solution"":""A layer of nearly saturated air trapped below a layer of dry air. If convection is induced, the both layers of air rise. The nearly saturated air becomes saturated quickly and its temp falls at the MALR and the dry air falls at the DALR. When they reach a certain altitude, the lapse rate is much steeper at that point so the air is unstable."",""type"":""ShortAnswer""}",0
cdd8c66a-4bad-4351-ac4e-e3a946d4e798,55d6450e-95c5-4c5a-948e-58bb1c936902,2c81d7bd-1b9c-4e7f-b71f-1110af629920,65212b74-a914-4fa7-8a86-d21a3943cebd,"{""solution"":""Convective instability occurs when there is warm, moist air at the surface and cold, dry air above. When forced to rise, the warm, moist air has a steeper lapse rate, and as the air rises, it becomes even more buoyant and less stable. "",""type"":""ShortAnswer""}",0
cdd8c66a-4bad-4351-ac4e-e3a946d4e798,c333f08b-5359-4d11-92f9-8a84dbc31ddf,2c81d7bd-1b9c-4e7f-b71f-1110af629920,680e94c3-6f59-45e8-931c-28abe4ad15f0,"{""solution"":""cooling air rising?"",""type"":""ShortAnswer""}",0
cdd8c66a-4bad-4351-ac4e-e3a946d4e798,715423af-393c-4a51-ba6c-63b8d848521e,2c81d7bd-1b9c-4e7f-b71f-1110af629920,684f48e4-2b24-4d0e-a8ec-bf3200c2e559,"{""solution"":""the conditions that lead to connective instability is when a layer of saturated air is on top and unsaturated on the bottom"",""type"":""ShortAnswer""}",0
cdd8c66a-4bad-4351-ac4e-e3a946d4e798,cf93c6e6-4c2f-45bc-aed2-09b859129cf3,2c81d7bd-1b9c-4e7f-b71f-1110af629920,6884f36d-f0fd-473a-b277-9e5070e808b6,"{""solution"":""nearly saturated air near the surface often moist warm conditions with a layer of cold dry air above it. As the air rises it actively becomes more unstable."",""type"":""ShortAnswer""}",0
cdd8c66a-4bad-4351-ac4e-e3a946d4e798,0eb66813-d8b3-41c0-b39a-4e537f6caac0,2c81d7bd-1b9c-4e7f-b71f-1110af629920,68c45c85-49e2-4a26-b221-a1a962a07e88,"{""solution"":""A large difference in air temperature within a layer of air. The heated air towards the top of the layer is pushed up faster than the air towards the bottom, making a lot of warm air rush aloft, increasing atmospheric instability "",""type"":""ShortAnswer""}",0
cdd8c66a-4bad-4351-ac4e-e3a946d4e798,60d4a8ca-8d32-4985-bc83-66319e304f0f,2c81d7bd-1b9c-4e7f-b71f-1110af629920,6943c57a-bf5e-4fe2-9416-6800ac28c92e,"{""solution"":""When the cold dry air and warm moist air meets and show goes through convection the air will rise in a increasingly unstable way. Please explain it again...."",""type"":""ShortAnswer""}",0
cdd8c66a-4bad-4351-ac4e-e3a946d4e798,5c48d179-4be4-42c8-968a-228b3aba4c28,2c81d7bd-1b9c-4e7f-b71f-1110af629920,6a2d4eb4-8e39-4da9-80a7-e23fef747376,"{""solution"":""When the air is unsaturated at the bottom and saturated at its top\n"",""type"":""ShortAnswer""}",0
cdd8c66a-4bad-4351-ac4e-e3a946d4e798,f870320c-d7a2-41c8-88a8-ca6f7c52a08a,2c81d7bd-1b9c-4e7f-b71f-1110af629920,6baa13e4-2991-4088-b437-9b242fbbe3e9,"{""solution"":""A layer of air that is warm and humid at the surface and dry, cool air that is above it (~ 900 mb) begins to rise and cool. The bottom of the layer cools at the moist adiabatic rate and the top cools at the dry adiabatic rate thus causing a very steep environmental lapse rate between the bottom and the top of the layer causing instability"",""type"":""ShortAnswer""}",0
cdd8c66a-4bad-4351-ac4e-e3a946d4e798,cd48fa13-3cc4-48d7-93da-846dd4792470,2c81d7bd-1b9c-4e7f-b71f-1110af629920,6c60bf43-7bf7-41c6-aee8-fca6594f52d7,"{""solution"":""Saturated air near the surface and drier air right above it"",""type"":""ShortAnswer""}",0
cdd8c66a-4bad-4351-ac4e-e3a946d4e798,faed1555-9505-4d5f-9e44-ade50160b44e,2c81d7bd-1b9c-4e7f-b71f-1110af629920,7029cb2c-0e2e-4831-9d16-ea0c44e73e94,"{""solution"":""Having a warm muggy atmosphere on the ground level and a dry atmosphere on top of that will result in convective instability. The bottom of the layer will rise at the moist adiabatic rate and the top will rise at the dry abiotic rate. It becomes very steep which is very unstable. This then causes the supercell thunderstorms"",""type"":""ShortAnswer""}",0
cdd8c66a-4bad-4351-ac4e-e3a946d4e798,515787b5-2fb1-4f80-8966-4ae280888fe8,2c81d7bd-1b9c-4e7f-b71f-1110af629920,721928ed-8ca7-4b74-a20d-643cf8a4d4b4,"{""solution"":""a layer of air that is lifted leads to convective instability. also, air that is warm on the bottom and cooler on top will cause inversion and this causes convective instability. "",""type"":""ShortAnswer""}",0
cdd8c66a-4bad-4351-ac4e-e3a946d4e798,fbac0d26-e3cc-4c4b-9618-4aea705a64fb,2c81d7bd-1b9c-4e7f-b71f-1110af629920,730567ff-1867-482c-aafe-09cd42f1841d,"{""solution"":""Uneven heating in the sky and on the ground"",""type"":""ShortAnswer""}",0
cdd8c66a-4bad-4351-ac4e-e3a946d4e798,57d42d83-4451-4fcb-be03-57aedf1a25ef,2c81d7bd-1b9c-4e7f-b71f-1110af629920,74993c67-476a-4c0c-9c83-b03b9dffdb02,"{""solution"":""a"",""type"":""ShortAnswer""}",0
cdd8c66a-4bad-4351-ac4e-e3a946d4e798,67023317-d07b-4d33-bda0-9b75762bfdde,2c81d7bd-1b9c-4e7f-b71f-1110af629920,75279907-3023-46f7-8261-1aaebbcb26f6,"{""solution"":""Convective instability happens when an unsaturated layer or air towards the top and a saturated layer of air near the bottom are lifted. Since the bottom layer cools at the moist adiabatic lapse rate and the top layer cools at the dry adiabatic lapse rate, the moist air meets the dry air, creating an unstable atmosphere. \n"",""type"":""ShortAnswer""}",0
cdd8c66a-4bad-4351-ac4e-e3a946d4e798,4fd7f87f-14dd-42c5-9829-84c8e04137d4,2c81d7bd-1b9c-4e7f-b71f-1110af629920,75ca88f8-0959-4f4f-8118-f92600e294e6,"{""solution"":""The dry adiabatic lapse rate is faster than the moist adiabatic lapse rate and this leads to the layers of the atmosphere switching and becoming unstable. "",""type"":""ShortAnswer""}",0
cdd8c66a-4bad-4351-ac4e-e3a946d4e798,225f62fd-b7b4-43ae-b70f-bdd61e12f4df,2c81d7bd-1b9c-4e7f-b71f-1110af629920,7777ab3b-a3a8-4ea3-9b31-e5980d357c94,"{""solution"":""The air is not saturated leading to a temperature inversion in the lower atmosphere"",""type"":""ShortAnswer""}",0
cdd8c66a-4bad-4351-ac4e-e3a946d4e798,23d7082a-3955-45f7-9b65-eb950c56381e,2c81d7bd-1b9c-4e7f-b71f-1110af629920,79d18a6a-67c8-45d6-96b7-e89f44b6351f,"{""solution"":""a layer of air is unsaturated at the top and saturated at the bottom"",""type"":""ShortAnswer""}",0
cdd8c66a-4bad-4351-ac4e-e3a946d4e798,f9ba137f-1fdb-4653-89a8-5f1491a4b7ff,2c81d7bd-1b9c-4e7f-b71f-1110af629920,7dfe3609-4994-4de1-b93b-60b8a604df76,"{""solution"":""When an air parcel has the conditions so that when lifted, it becomes more unstable. It can be saturated at the bottom and unsaturated at the top, causing it to be unstable when lifted."",""type"":""ShortAnswer""}",0
cdd8c66a-4bad-4351-ac4e-e3a946d4e798,9900b312-8f34-48b8-bdd0-0d5db8113a18,2c81d7bd-1b9c-4e7f-b71f-1110af629920,7f0a2b08-91f6-4c63-8071-190e0672b880,"{""solution"":""The top layer has to go further than the bottom. Nature of the atmosphere. If you lift any layer, it'll become less stable. A layer unsaturated at it top and saturated near its bottom causes temp. change"",""type"":""ShortAnswer""}",0
cdd8c66a-4bad-4351-ac4e-e3a946d4e798,246de9c6-a7fd-468f-95d8-f2f225c3a2df,2c81d7bd-1b9c-4e7f-b71f-1110af629920,7f9fcd20-bf97-4d43-82b7-ca3742205c03,"{""solution"":""When the environmental adiabatic lapse rate is more than the moist adiabatic lapse rate"",""type"":""ShortAnswer""}",0
cdd8c66a-4bad-4351-ac4e-e3a946d4e798,41b96223-a9be-488d-965d-773e8466fe0e,2c81d7bd-1b9c-4e7f-b71f-1110af629920,7ff07e77-0498-4c21-af76-9280d138428d,"{""solution"":""Dry air advects over very warm and moist air and this leads to convective instability."",""type"":""ShortAnswer""}",0
cdd8c66a-4bad-4351-ac4e-e3a946d4e798,9f67bd98-d875-44c3-9e53-9be3e2920664,2c81d7bd-1b9c-4e7f-b71f-1110af629920,813642ea-1fe8-4304-bc69-d01346b57d48,"{""solution"":""Saturation lower and unsaturation higher up leads to convective instability"",""type"":""ShortAnswer""}",0
cdd8c66a-4bad-4351-ac4e-e3a946d4e798,c289060f-85ab-4ef2-a001-7c5a5c02b726,2c81d7bd-1b9c-4e7f-b71f-1110af629920,81eb1fe3-00da-49ae-87b4-a63ea7d1f621,"{""solution"":""When you get saturated air at the top, and unsaturated air on the bottom."",""type"":""ShortAnswer""}",0
cdd8c66a-4bad-4351-ac4e-e3a946d4e798,9a610974-ed42-45ce-8f1e-a61835a92c07,2c81d7bd-1b9c-4e7f-b71f-1110af629920,85992cdf-00be-4c7b-90d4-d117d6f1f304,"{""solution"":""the fact that air will rise at different rates from the top of a parcel of air than the bottom due to the fact that the atmosphere expands above means that raising any parcel of air will make it less stable. we add in the fact that inversions and other factors during convection make it even less stable "",""type"":""ShortAnswer""}",0
cdd8c66a-4bad-4351-ac4e-e3a946d4e798,c9e17017-19a1-47de-b2e0-fe38ffd73a18,2c81d7bd-1b9c-4e7f-b71f-1110af629920,8927c162-ce76-4059-82b6-4c1b9dbbb7ca,"{""solution"":""Occurs when dry mid-level air advects over very warm and moist air in the lower troposphere."",""type"":""ShortAnswer""}",0
cdd8c66a-4bad-4351-ac4e-e3a946d4e798,6ad09702-1c36-4b6e-9ca2-b485a8d8e64d,2c81d7bd-1b9c-4e7f-b71f-1110af629920,8b7a1082-7ac3-4811-aebf-37a44dd0551c,"{""solution"":""unsat top sat bottim"",""type"":""ShortAnswer""}",0
cdd8c66a-4bad-4351-ac4e-e3a946d4e798,c2d5ca29-15ba-4f68-88f1-c8263b80600b,2c81d7bd-1b9c-4e7f-b71f-1110af629920,8d893e34-3048-415a-b88a-d3c959d1516c,"{""solution"":""Convective instability is caused when the layer at the top is unsaturated and the layer at the bottom is nearly saturated. This causes an inversion and then the lapse rates become steeper and more unstable. "",""type"":""ShortAnswer""}",0
cdd8c66a-4bad-4351-ac4e-e3a946d4e798,64b82f1b-86d6-44b4-94cb-3cdddcdd668e,2c81d7bd-1b9c-4e7f-b71f-1110af629920,8e5a76a8-0ab1-45dd-a63a-c1ee30c81465,"{""solution"":""dry and unstable air with positive buoyancy"",""type"":""ShortAnswer""}",0
cdd8c66a-4bad-4351-ac4e-e3a946d4e798,8730c9ab-5c2d-4e6b-ad0b-376fa96d25e0,2c81d7bd-1b9c-4e7f-b71f-1110af629920,8f7d99c3-d491-4c1b-bc22-a3d7e8ccd0ca,"{""solution"":""When the moist adiabatic lapse rate is less than the bottom of the layer of air, and the dry adiabatic lapse rate is greater than the top of the layer of air, and the air is lifted, convective instability occurs."",""type"":""ShortAnswer""}",0
cdd8c66a-4bad-4351-ac4e-e3a946d4e798,a76c8641-4be8-49a4-bf86-e05e9b2629ea,2c81d7bd-1b9c-4e7f-b71f-1110af629920,90c07228-5953-4233-941f-51aaf6a48b75,"{""solution"":""unsaturated ay the top but saturated at the bottom causes temperature to change at different lapse rate "",""type"":""ShortAnswer""}",0
cdd8c66a-4bad-4351-ac4e-e3a946d4e798,154245ff-2713-40ec-88ad-9842c69790df,2c81d7bd-1b9c-4e7f-b71f-1110af629920,91a2af39-b192-4d18-8d60-46348f9a9c93,"{""solution"":""It exists when the mid-levels of the atmosphere are fairly dry and high dewpoints "",""type"":""ShortAnswer""}",0
cdd8c66a-4bad-4351-ac4e-e3a946d4e798,246f8457-a1f5-428d-af6c-0003e412b06d,2c81d7bd-1b9c-4e7f-b71f-1110af629920,954bf565-cf3f-4afe-8c82-58beece9b4fc,"{""solution"":""A layer of air unsaturated at its top and saturated near its bottom."",""type"":""ShortAnswer""}",0
cdd8c66a-4bad-4351-ac4e-e3a946d4e798,665f11a2-4de1-4d39-bac6-3dc3f55baaf3,2c81d7bd-1b9c-4e7f-b71f-1110af629920,962ce213-7df5-4ec6-82e0-6156944d59cb,"{""solution"":""coriolis force "",""type"":""ShortAnswer""}",0
cdd8c66a-4bad-4351-ac4e-e3a946d4e798,0465a409-91f9-45d5-a956-edce79347bf0,2c81d7bd-1b9c-4e7f-b71f-1110af629920,97d11de0-192a-4ed5-b1bb-e74d2efec758,"{""solution"":""When air rises, moist air cools at a lower rate than dry air. That is, for the same upwards vertical movement and starting temperature, a parcel of moist air will be warmer than a parcel of dry air. This is because of the condensation of water vapor in the air parcel due to expansion cooling. As water vapor condenses, latent heat is released into the air parcel. Moist air has more water vapor than dry air, so more latent heat is released into the parcel of moist air as it rises. Dry air does not have as much water vapor, therefore dry air cools at a higher rate with vertical movement than moist air. As a result of the latent heat that is released during water vapor condensation, moist air has a relatively lower adiabatic lapse rate than dry air. This makes moist air generally less stable than dry air (see convective available potential energy). The dry adiabatic lapse rate (for unsaturated air) is 3 C (5.4 F) per 1,000 vertical feet (300 m). The moist adiabatic lapse rate varies from 1.1 to 2.8 C (2.0 to 5.0 F) per 1,000 vertical feet (300 m)."",""type"":""ShortAnswer""}",0
cdd8c66a-4bad-4351-ac4e-e3a946d4e798,ce2dbb3b-aa16-4539-8f98-ee1868788520,2c81d7bd-1b9c-4e7f-b71f-1110af629920,987cca35-3575-4d28-8820-347fe495dec1,"{""solution"":""The bottom layer of a cloud is saturated while its top layer is unsaturated. As a result, the bottom layer rises at the moist adiabatic lapse rate while the top layer rises at the dry adiabatic lapse rate, causing the cloud to become very unstable and buoyant. The state of this cloud is convectively unstable."",""type"":""ShortAnswer""}",0
cdd8c66a-4bad-4351-ac4e-e3a946d4e798,4ee80cf2-4f4e-40a5-b5f9-5fbee9d4b736,2c81d7bd-1b9c-4e7f-b71f-1110af629920,98916953-ae39-435e-a234-4fedb1365fd7,"{""solution"":""near the surface, air is saturated. As it rises it becomes unsaturated and then continues to rise leading to instability"",""type"":""ShortAnswer""}",0
cdd8c66a-4bad-4351-ac4e-e3a946d4e798,1caabd3f-4b9f-45c8-b634-2ed5da085f5c,2c81d7bd-1b9c-4e7f-b71f-1110af629920,9975dcfc-24fd-4bd7-83b4-d0f29605e2d0,"{""solution"":""A layer unsaturated at its top and saturated near its bottom is convectively unstable."",""type"":""ShortAnswer""}",0
cdd8c66a-4bad-4351-ac4e-e3a946d4e798,078f75cd-bbae-43e8-a64b-bde3bf1d563c,2c81d7bd-1b9c-4e7f-b71f-1110af629920,9d1a0819-122d-4681-a674-2daadd42fc44,"{""solution"":""A layer unsaturated at its bottom and saturated near its top is convectively unstable "",""type"":""ShortAnswer""}",0
cdd8c66a-4bad-4351-ac4e-e3a946d4e798,1f19443d-fe46-454a-8d23-2cf850f046c7,2c81d7bd-1b9c-4e7f-b71f-1110af629920,a0313201-4719-4bd3-b2b6-89d78127e392,"{""solution"":""If you have unstable air on the ground it will become less stable as it rises because the bottom is saturated cools at the moist adiabatic rate and the top of the layer is in the dry zone which cools at the dry adiabatic rate and they meet each other and become even less stable. If you have unstable air on the ground it will become less stable as it rises because the bottom is saturated cools at the moist adiabatic rate and the top of the layer is in the dry zone which cools at the dry adiabatic rate and they meet each other and become even less stable."",""type"":""ShortAnswer""}",0
cdd8c66a-4bad-4351-ac4e-e3a946d4e798,bd26175f-578f-4ded-837b-cbf3ac21de6b,2c81d7bd-1b9c-4e7f-b71f-1110af629920,a0e92516-9d0e-4383-b1d4-c3dc8fcb0086,"{""solution"":""unsaturated air above and saturated air below"",""type"":""ShortAnswer""}",0
cdd8c66a-4bad-4351-ac4e-e3a946d4e798,c668c8f7-f1ee-4b8b-870d-08b2a504a4ea,2c81d7bd-1b9c-4e7f-b71f-1110af629920,a2ae6560-b1b0-4c8e-8e22-9032a01cd2ce,"{""solution"":""Moist and hot air rising quickly."",""type"":""ShortAnswer""}",0
cdd8c66a-4bad-4351-ac4e-e3a946d4e798,1065ff1e-32b6-49e7-beee-ec4fe8869bd6,2c81d7bd-1b9c-4e7f-b71f-1110af629920,a2bfa3ab-7bb0-4a91-b5d3-7b25cba6aef1,"{""solution"":""Heating at different rates "",""type"":""ShortAnswer""}",0
cdd8c66a-4bad-4351-ac4e-e3a946d4e798,99e5a818-20bf-44fa-a3a3-23aa3ef2e61c,2c81d7bd-1b9c-4e7f-b71f-1110af629920,a38d7522-3611-49ff-92c0-8c673cb53398,"{""solution"":""The layer at the top will be unsaturated and the layer at the bottom of the cloud will be saturated leading to a steep lapse rate as the cloud rises throughout the atmosphere. This large lapse rate is very unstable and leads to supercell storms."",""type"":""ShortAnswer""}",0
cdd8c66a-4bad-4351-ac4e-e3a946d4e798,3973534d-a652-462d-9e22-ec6b718783ad,2c81d7bd-1b9c-4e7f-b71f-1110af629920,a41a3cbc-f935-485a-8253-144d63f4e930,"{""solution"":""lifted layers? when the surface air is much warmer than the air aloft"",""type"":""ShortAnswer""}",0
cdd8c66a-4bad-4351-ac4e-e3a946d4e798,fbe3f97a-5c8b-4618-b261-b401808c415d,2c81d7bd-1b9c-4e7f-b71f-1110af629920,a635ada3-6c23-4880-8ff3-da3fc54dad4e,"{""solution"":""A layer unsaturated at its top and saturated near its bottom is convectively unstable \n"",""type"":""ShortAnswer""}",0
cdd8c66a-4bad-4351-ac4e-e3a946d4e798,799f5a2a-8bec-4645-97e0-afc165dedeb6,2c81d7bd-1b9c-4e7f-b71f-1110af629920,a675c3c6-6c2a-4c2f-b8ed-96fa6a356f47,"{""solution"":""When there is warm moist air underneath and cool dry air above and the two layers are lifted together. The different layers change at different rates that lead it to be convectively unstable."",""type"":""ShortAnswer""}",0
cdd8c66a-4bad-4351-ac4e-e3a946d4e798,4b0a112b-9db5-498d-b708-c253eeb97665,2c81d7bd-1b9c-4e7f-b71f-1110af629920,a8362dd6-2f35-4a67-b56e-9aa7f71ae3b0,"{""solution"":""temperature changes more than 10 degrees everh kilomrter."",""type"":""ShortAnswer""}",0
cdd8c66a-4bad-4351-ac4e-e3a946d4e798,1431cc06-83f8-40ad-8cd0-2125d288a98f,2c81d7bd-1b9c-4e7f-b71f-1110af629920,abf546b8-759b-4381-9480-d6635c552731,"{""solution"":""convective instability is caused by a layer unsaturated at its top and saturated at its bottom"",""type"":""ShortAnswer""}",0
cdd8c66a-4bad-4351-ac4e-e3a946d4e798,3e8d1fbc-c022-4103-8696-ef9001005129,2c81d7bd-1b9c-4e7f-b71f-1110af629920,ac675569-8aab-4753-b486-aa593c804c95,"{""solution"":""Strongs winds"",""type"":""ShortAnswer""}",0
cdd8c66a-4bad-4351-ac4e-e3a946d4e798,e3fb917f-2577-449b-b1ac-ba9e2db98437,2c81d7bd-1b9c-4e7f-b71f-1110af629920,acffa761-e483-41f9-a71f-1a32012c1987,"{""solution"":""The conditions that lead to convective instability include a layer of warm moist air near the ground, and cool dry air above it. As the air is lifted the dry air cools at the dry adiabatic lapse rate and the moist air cools at the moist adiabatic lapse rate."",""type"":""ShortAnswer""}",0
cdd8c66a-4bad-4351-ac4e-e3a946d4e798,28b541df-b45b-4171-85b9-5f156d9c9633,2c81d7bd-1b9c-4e7f-b71f-1110af629920,ad7abb78-1ca3-486c-b80a-a7a753363750,"{""solution"":""Warm, moist, nearly saturated air at the surface rises to a higher altitude/lower pressure at the moist adiabatic lapse rate. Cool, dry air above the surface layer of warm, moist air rises at the dry adiabatic lapse rate. This causes a very steep temperature difference at altitude, so a storm will form and grow quickly"",""type"":""ShortAnswer""}",0
cdd8c66a-4bad-4351-ac4e-e3a946d4e798,b020a38a-eac3-4a5c-8382-983b71f34fee,2c81d7bd-1b9c-4e7f-b71f-1110af629920,addb30c8-34f8-4aa6-bf79-4780d412c6a4,"{""solution"":""when the surface air is warmer and saturated than the air aloft, which is colder and unsaturated, a rising air parcel has less stability as it rises."",""type"":""ShortAnswer""}",0
cdd8c66a-4bad-4351-ac4e-e3a946d4e798,9462ebc5-3f91-4d66-b9ef-39e341ffa445,2c81d7bd-1b9c-4e7f-b71f-1110af629920,aee562d2-45ce-4731-b16e-cc3d415f7e93,"{""solution"":""when air is lifted it becomes less stable because the lapse rate gets steeper"",""type"":""ShortAnswer""}",0
cdd8c66a-4bad-4351-ac4e-e3a946d4e798,12591b1d-e1b5-4eb4-a6bf-453c745e45aa,2c81d7bd-1b9c-4e7f-b71f-1110af629920,af139162-6dbf-44dd-b1bd-6a133837a69e,"{""solution"":""lifting a layer of warm moist air that is at the surface, while there is cool, dry air sitting above that layer. The lapse rates are different and they become steeper, causing the air to become less stable. "",""type"":""ShortAnswer""}",0
cdd8c66a-4bad-4351-ac4e-e3a946d4e798,ed8a41d5-b4c6-4687-bd68-7fa930b884b7,2c81d7bd-1b9c-4e7f-b71f-1110af629920,b4e8ab16-3377-4e24-a8e1-71c5b9a050da,"{""solution"":""The layer of atmosphere at the ground is nearly saturated, meaning that it will rise and cool at the moist lapse rate. The air directly above it is dry, and will rise and cool at the dry lapse rate. Since the dry rate is greater than the moist rate, the rate of change after that layer of air has risen will be very steep, creating a very unstable, or convective unstable, parcel of air."",""type"":""ShortAnswer""}",0
cdd8c66a-4bad-4351-ac4e-e3a946d4e798,81325579-cfd0-4235-9c8d-39523c3eee97,2c81d7bd-1b9c-4e7f-b71f-1110af629920,b5b92695-1f0b-4543-9636-35b425721c59,"{""solution"":""The conditions of absolute instability at longer than Just the peak and the conditions vary at cloud formation "",""type"":""ShortAnswer""}",0
cdd8c66a-4bad-4351-ac4e-e3a946d4e798,9ce82225-42aa-4e32-941f-dfb5130b6c81,2c81d7bd-1b9c-4e7f-b71f-1110af629920,b81f96f9-83cf-4ce2-a4d9-169d23a736af,"{""solution"":""The air above becomes too unsaturated because there is warm air at the bottom and cool air above."",""type"":""ShortAnswer""}",0
cdd8c66a-4bad-4351-ac4e-e3a946d4e798,fbceba71-7c39-4f1e-9359-a87fc23c9f97,2c81d7bd-1b9c-4e7f-b71f-1110af629920,b8fafa12-0a29-440d-abbf-41502ba60983,"{""solution"":""Convective instability is caused when the upper layer of air is unsaturated and the lower layer of air is unsaturated. Air becomes less stable as it rises, so as convection occurs, the air becomes less and less stable."",""type"":""ShortAnswer""}",0
cdd8c66a-4bad-4351-ac4e-e3a946d4e798,07149aab-a69a-4ecd-803e-43d5071563f5,2c81d7bd-1b9c-4e7f-b71f-1110af629920,b991214c-fedd-47f1-a631-ca7f903b7dd3,"{""solution"":""It starts with an unstable atmosphere, with warm, moist air below and cool, dry air above. As the air rises, the air from the bottom cools at the moist adiabatic rate and the top of the layer cools at the dry adiabatic rate. This causes the difference to become even steeper in the upper atmosphere and therefore even more unstable."",""type"":""ShortAnswer""}",0
cdd8c66a-4bad-4351-ac4e-e3a946d4e798,d27cfbc5-e786-479e-8f2d-afaa43911895,2c81d7bd-1b9c-4e7f-b71f-1110af629920,ba746025-ff8c-4fe2-9e81-d8624ff5e681,"{""solution"":""convective instability is caused by the top and bottom of an air parcel cooling at different lapse rates"",""type"":""ShortAnswer""}",0
cdd8c66a-4bad-4351-ac4e-e3a946d4e798,76d13fe7-2068-42b8-a43a-05c3d7333050,2c81d7bd-1b9c-4e7f-b71f-1110af629920,bb8cbd9c-29d5-423f-b447-1907cd8f2972,"{""solution"":""an inversion of temperature in the atm"",""type"":""ShortAnswer""}",0
cdd8c66a-4bad-4351-ac4e-e3a946d4e798,29428398-f5a4-4a49-8743-370d268b1574,2c81d7bd-1b9c-4e7f-b71f-1110af629920,bc1fb87b-17eb-4144-854e-135a38a6fae2,"{""solution"":""warm and muggy near the surface, air is nearly saturated. Then at a change in pressure in the top layer it is cold and dry. Air is drying a moist adiabatic lapse rate at surface but dry adiabatic lapse right in upper layer, where they meet in the base for convective instability. "",""type"":""ShortAnswer""}",0
cdd8c66a-4bad-4351-ac4e-e3a946d4e798,4526461b-696c-419b-9fb7-e5a4ced885fe,2c81d7bd-1b9c-4e7f-b71f-1110af629920,bcd805a4-f3e1-4f3f-9749-2680af1e2716,"{""solution"":""top lifted but cooled at dry adiabatic lapse rate. lapse rate becomes much steeper. air rising becomes less stable. formation of supercell thunderstorms"",""type"":""ShortAnswer""}",0
cdd8c66a-4bad-4351-ac4e-e3a946d4e798,ebb51179-b172-4ec8-ae10-a7accb47acac,2c81d7bd-1b9c-4e7f-b71f-1110af629920,bfd55e4d-12f3-4ae8-9b02-2168e07368e1,"{""solution"":""Over hot surfaces during warm days"",""type"":""ShortAnswer""}",0
cdd8c66a-4bad-4351-ac4e-e3a946d4e798,fc5f5a50-a757-49e0-bc7e-01f0ca87722a,2c81d7bd-1b9c-4e7f-b71f-1110af629920,c010b0e9-cefd-46d3-ab36-2edfe04e4959,"{""solution"":""Wind flows"",""type"":""ShortAnswer""}",0
cdd8c66a-4bad-4351-ac4e-e3a946d4e798,f7b43ba9-feec-4036-aec4-cd17deac6d74,2c81d7bd-1b9c-4e7f-b71f-1110af629920,c4051ab0-ad17-4905-9d0f-aa1ff8cdad97,"{""solution"":""Isothermal or inverted conditions lead to convective instability because the air at the bottom of a column is cooling at a different rate than air at the top, so there is instability."",""type"":""ShortAnswer""}",0
cdd8c66a-4bad-4351-ac4e-e3a946d4e798,1caf8885-7e07-4d97-809a-cd52219054ef,2c81d7bd-1b9c-4e7f-b71f-1110af629920,c41efc31-78db-4099-8866-e1882e75441a,"{""solution"":""Unsaturated near the top and saturated at the bottom, meaning there is also a temperature difference between the two."",""type"":""ShortAnswer""}",0
cdd8c66a-4bad-4351-ac4e-e3a946d4e798,531ad189-eb89-48f3-a9cd-fdd1fd0f5e2c,2c81d7bd-1b9c-4e7f-b71f-1110af629920,c441aecf-cabb-4938-a970-f977efe5ea95,"{""solution"":""top layer is unsaturated, bottom is saturated... causing a temperature change"",""type"":""ShortAnswer""}",0
cdd8c66a-4bad-4351-ac4e-e3a946d4e798,fd4af204-3923-48a1-9e85-212cca2883d9,2c81d7bd-1b9c-4e7f-b71f-1110af629920,c6474f6e-57ae-4890-a34b-f0193f721e96,"{""solution"":""lifting a layer of warm moist air that is at the surface, while there is cool, dry air sitting above that layer. The lapse rates are different and they become steeper, causing the air to become less stable. "",""type"":""ShortAnswer""}",0
cdd8c66a-4bad-4351-ac4e-e3a946d4e798,0e9ff014-8f20-4cac-be26-a28bb3ab4435,2c81d7bd-1b9c-4e7f-b71f-1110af629920,c66c8e56-b05c-43cd-8d66-83b2ad29825f,"{""solution"":"" when dry mid-level air advects over very warm and moist air in the lower troposphere."",""type"":""ShortAnswer""}",0
cdd8c66a-4bad-4351-ac4e-e3a946d4e798,cfc3ed2e-183a-40bd-ab3f-f67b814f29a1,2c81d7bd-1b9c-4e7f-b71f-1110af629920,c7170e6a-ab1b-4eb2-aadd-2f61a83d2add,"{""solution"":""When the ground is saturated (hot and muggy) and the layer above is unsaturated (dry and cold) it leads to a dramatic change in stability due to a dramatic slope in the difference of dry abaci rates."",""type"":""ShortAnswer""}",0
cdd8c66a-4bad-4351-ac4e-e3a946d4e798,b173afad-8f70-466b-af3e-a994aa858a3b,2c81d7bd-1b9c-4e7f-b71f-1110af629920,c94869c0-4037-4889-94c3-1d88656834e9,"{""solution"":""A layer of air that is unsaturated at the top and saturated at the bottom is convectively unstable. This happens when air is cooling at the dry adiabatic lapse rate at the top and the moist adiabatic lapse rate at the bottom."",""type"":""ShortAnswer""}",0
cdd8c66a-4bad-4351-ac4e-e3a946d4e798,f61a9a11-7ccb-4f7d-a25f-0f6a790a0e77,2c81d7bd-1b9c-4e7f-b71f-1110af629920,cc10fc42-0807-4462-9780-2bf10fbdef8f,"{""solution"":""Air rising and change in temperature due to adiabatic processes."",""type"":""ShortAnswer""}",0
cdd8c66a-4bad-4351-ac4e-e3a946d4e798,3797402a-bc67-4c77-ac37-081d1e9942b1,2c81d7bd-1b9c-4e7f-b71f-1110af629920,cc6d9ca0-e6e1-406d-9d4f-5a00136516f5,"{""solution"":""There is a layer of unsaturated air at the top of a layer of saturated air, so the air near the bottom is cooling at the moist lapse rate while the air above is cooling at the dry lapse rate. This causes a steeper lapse rate higher in the atmosphere which leads to much less stable air."",""type"":""ShortAnswer""}",0
cdd8c66a-4bad-4351-ac4e-e3a946d4e798,a75e1ad8-66b6-4cf1-a465-81a4338a2cb8,2c81d7bd-1b9c-4e7f-b71f-1110af629920,cdcf11fb-326f-4003-8ddb-b5c9271d5dc3,"{""solution"":""When the air near the ground is warm and wet, but the air a bit above is cool and dry, and convection occurs, the lower and upper air will cool at different lapse rates. Wet air at the moist adiabatic lapse rate, and dry air at the dry adiabatic lapse rate. This will lead to the lower air cooling slower than the upper air, creating stronger instability, as the temperatures aren't moving together."",""type"":""ShortAnswer""}",0
cdd8c66a-4bad-4351-ac4e-e3a946d4e798,fdd5b9de-14c0-4115-89bc-720ea07ec9cf,2c81d7bd-1b9c-4e7f-b71f-1110af629920,cecb010f-bd4e-4849-a214-573b05ad71b6,"{""solution"":""having a saturated base and unsaturated upper atmosphere. The air cools at the moist, then dry adiabatic rate making it convectively instable"",""type"":""ShortAnswer""}",0
cdd8c66a-4bad-4351-ac4e-e3a946d4e798,e0ce4316-0d6f-4820-8342-fa4dc6793283,2c81d7bd-1b9c-4e7f-b71f-1110af629920,cf3e60c6-0533-4d7b-b65e-90fbe8e2d607,"{""solution"":""nearly saturate air near the surface is covered by dryer air. If this is lifted than the nearly saturated air changes at the moist and the dry changes at the dry creating a steep change in temp in the upper atmosphere"",""type"":""ShortAnswer""}",0
cdd8c66a-4bad-4351-ac4e-e3a946d4e798,d8a497c3-0ceb-4bc0-9a17-fb2b6bb9656f,2c81d7bd-1b9c-4e7f-b71f-1110af629920,cf4fe21e-0179-4082-a0d8-0c2df3a3c2f3,"{""solution"":""Warm muggy air near the surface and cool dry air above. The warm air cools at the moist adiabatic lapse rate and cool dry air cools at the dry adiabatic lapse rate leading to an even more unstable atmosphere up top with a steeper slope."",""type"":""ShortAnswer""}",0
cdd8c66a-4bad-4351-ac4e-e3a946d4e798,c76b6218-e692-4b4c-b0b6-2eb853b6b2a2,2c81d7bd-1b9c-4e7f-b71f-1110af629920,d01489d8-0672-4708-9686-06cf718896e6,"{""solution"":""stable atmosphere makes vertical movement difficult, and small vertical disturbances dampen out and disappear"",""type"":""ShortAnswer""}",0
cdd8c66a-4bad-4351-ac4e-e3a946d4e798,1281b69c-7bdd-4eea-b142-9ab0d457e937,2c81d7bd-1b9c-4e7f-b71f-1110af629920,d242da49-cee6-4e62-a593-ff0da1d084b2,"{""solution"":""rising air initialy cools through the moist adiabatic lapse rate"",""type"":""ShortAnswer""}",0
cdd8c66a-4bad-4351-ac4e-e3a946d4e798,efc276a3-a355-4d0e-b8cf-5f06f8203a61,2c81d7bd-1b9c-4e7f-b71f-1110af629920,d30bc9dc-b42d-4e15-9502-7c91b97e52c5,"{""solution"":""A layer of unsaturated air at the top and saturated near the bottom, an inversion of air traps the air below leading to convective instability"",""type"":""ShortAnswer""}",0
cdd8c66a-4bad-4351-ac4e-e3a946d4e798,a6b015c6-dcbb-4eac-a751-bec512a61421,2c81d7bd-1b9c-4e7f-b71f-1110af629920,d47bf59b-2a81-4717-891e-e38f7d3c9563,"{""solution"":""a layer of warm air that is nearly saturated or saturated under a layer of dry and cold air rises, the lapse rate changes greatly becomes of the differences is the pressure, temperature, and distance it travels. the increase in lapse rate makes the atmosphere unstable"",""type"":""ShortAnswer""}",0
cdd8c66a-4bad-4351-ac4e-e3a946d4e798,b90c4d83-6004-4b9f-aa12-26a56b1d889b,2c81d7bd-1b9c-4e7f-b71f-1110af629920,d833d418-4f8c-4dca-b248-930655a831ec,"{""solution"":""When the top layer is unsaturated but its bottom layer is saturated"",""type"":""ShortAnswer""}",0
cdd8c66a-4bad-4351-ac4e-e3a946d4e798,5244b0e4-a253-4c1a-aaac-fb70898c65d1,2c81d7bd-1b9c-4e7f-b71f-1110af629920,dd81989d-5648-49cf-aafa-85945c237478,"{""solution"":""It exists when the mid-levels of the atmosphere are fairly dry and high dewpoints"",""type"":""ShortAnswer""}",0
cdd8c66a-4bad-4351-ac4e-e3a946d4e798,c778d16e-22c9-4666-aa0f-4b20e427376d,2c81d7bd-1b9c-4e7f-b71f-1110af629920,de5f8f2a-858a-436a-bc41-769c444d3b87,"{""solution"":""pressure gradient"",""type"":""ShortAnswer""}",0
cdd8c66a-4bad-4351-ac4e-e3a946d4e798,7a3fea12-7248-40c2-b70d-4507dab5aaa1,2c81d7bd-1b9c-4e7f-b71f-1110af629920,df6ed85c-7f42-423c-a962-7f85aacbddfc,"{""solution"":""When the top is saturated and the bottom is unsaturated\n"",""type"":""ShortAnswer""}",0
cdd8c66a-4bad-4351-ac4e-e3a946d4e798,9f822230-e625-41e8-99d0-7e18acc26374,2c81d7bd-1b9c-4e7f-b71f-1110af629920,dff0ef0c-83b9-48a4-a864-0c9dde072385,"{""solution"":""Unsaturation at top and saturation at bottom."",""type"":""ShortAnswer""}",0
cdd8c66a-4bad-4351-ac4e-e3a946d4e798,b6b6bf23-fc86-423d-b290-0a3684444884,2c81d7bd-1b9c-4e7f-b71f-1110af629920,e0d75ae1-b2f8-4658-a0ec-965405f9a52c,"{""solution"":""mixture of dry adiabatic and moist rates leads to convective instability"",""type"":""ShortAnswer""}",0
cdd8c66a-4bad-4351-ac4e-e3a946d4e798,61a95acc-2d17-49a8-970e-8e497c6c9804,2c81d7bd-1b9c-4e7f-b71f-1110af629920,e37a2884-2834-446e-8e05-3d6467f3087b,"{""solution"":""When winds are light, dust devils can develop on dry days within a region of instability."",""type"":""ShortAnswer""}",0
cdd8c66a-4bad-4351-ac4e-e3a946d4e798,324d5c35-55e1-47f9-bb35-8ddbef515b05,2c81d7bd-1b9c-4e7f-b71f-1110af629920,e3c36c1e-63c6-4953-ac3e-f92007296b4f,"{""solution"":""When a layer is unsaturated near its top and saturated near the bottom, causing an inversion. This is due to the difference in the dry and moist adiabatic lapse rates."",""type"":""ShortAnswer""}",0
cdd8c66a-4bad-4351-ac4e-e3a946d4e798,de7e0b9a-e963-4141-83d3-4048c9844a98,2c81d7bd-1b9c-4e7f-b71f-1110af629920,e4eeff10-7d87-4aa3-88d3-bec4b8bf1583,"{""solution"":""warm front, rain"",""type"":""ShortAnswer""}",0
cdd8c66a-4bad-4351-ac4e-e3a946d4e798,a38225e9-306d-4103-8b13-24d047be032a,2c81d7bd-1b9c-4e7f-b71f-1110af629920,eb4d4d94-ad9b-4ab4-9893-4463e8fdca36,"{""solution"":""When the layer of unsaturated air at the top and saturated air at the bottom meet due to the adiabatic rate"",""type"":""ShortAnswer""}",0
cdd8c66a-4bad-4351-ac4e-e3a946d4e798,ffa24372-a1c4-4944-9c3f-723681deb3f7,2c81d7bd-1b9c-4e7f-b71f-1110af629920,ef71e2e5-ff82-4e34-b283-c2fb2b22aa75,"{""solution"":""Unsaturated air at the top and saturated air at the bottom"",""type"":""ShortAnswer""}",0
cdd8c66a-4bad-4351-ac4e-e3a946d4e798,c1532253-d5f3-48fd-97ef-4072579c49c6,2c81d7bd-1b9c-4e7f-b71f-1110af629920,f10f2909-a5f5-4ce8-a9f5-100190a01229,"{""solution"":""When dry air cools more quickly when lifted"",""type"":""ShortAnswer""}",0
cdd8c66a-4bad-4351-ac4e-e3a946d4e798,28f6726e-8d26-4fe6-b710-e633c8707599,2c81d7bd-1b9c-4e7f-b71f-1110af629920,f1e294d6-310c-42bd-a022-94350c308c4a,"{""solution"":""The conditions that lead to convective instability are that the saturated bottom layer of air cools at the moist adiabatic rate and the unsaturated air cools at the dry adiabatic rate. The layer on the bottom is lifted which causes it to become less stable. Then the combination of an unsaturated layer and a saturated layer on top causes it to become convectively unstable. "",""type"":""ShortAnswer""}",0
cdd8c66a-4bad-4351-ac4e-e3a946d4e798,4628b669-fd54-40f5-a214-58cd8245ed6d,2c81d7bd-1b9c-4e7f-b71f-1110af629920,f2478543-a97c-477f-947b-7c7857cd5a25,"{""solution"":""when a layer is undsturated at the top and saturated at the bottom"",""type"":""ShortAnswer""}",0
cdd8c66a-4bad-4351-ac4e-e3a946d4e798,c3336af1-070b-482c-84ff-6b2990b65146,2c81d7bd-1b9c-4e7f-b71f-1110af629920,f7faa93d-3725-4554-b94b-ba3623da4c48,"{""solution"":""the air near surface is warm and moist, the ais above the ground is cold and dry. when moving this layer of air within the same pressure difference, the air at the ground go at moist adiabatic rate, and air at top go at moist adiabatic rate. the air at top also goes more distance. the lapes rate is increased"",""type"":""ShortAnswer""}",0
cdd8c66a-4bad-4351-ac4e-e3a946d4e798,0157647d-71c8-4b25-8c99-83020a2fe666,2c81d7bd-1b9c-4e7f-b71f-1110af629920,f80cc377-8267-4123-a3df-a78d30884628,"{""solution"":""ability to resist vertical motion. A stable atmosphere makes vertical movement difficult, and small vertical disturbances dampen out and disappear."",""type"":""ShortAnswer""}",0
cdd8c66a-4bad-4351-ac4e-e3a946d4e798,954c5bb0-29e2-407d-80d5-ab2a61a9c19a,2c81d7bd-1b9c-4e7f-b71f-1110af629920,f998a075-96a6-4610-a2c3-d7c94ec36c4d,"{""solution"":""When you have warm humid air near the ground that rises at the moist adiabatic lapse rate and dry cold air at the top of the parcel of air that rises at the dry adiabatic lapse rate. As the parcel of air is lifted up in the air it will become less and less stable explosively. "",""type"":""ShortAnswer""}",0
cdd8c66a-4bad-4351-ac4e-e3a946d4e798,3a9cd950-5dd4-4177-bff2-855f5f994267,2c81d7bd-1b9c-4e7f-b71f-1110af629920,fa92f84b-4c4e-4782-bfe0-3410679a31c4,"{""solution"":""The bottom portion of the layer is nearly saturated, the top is dry, so they cool at different rates as they rise. This creates a steeper lapse rate as it rises and causes convective instability. "",""type"":""ShortAnswer""}",0
cdd8c66a-4bad-4351-ac4e-e3a946d4e798,d30f2a01-a11f-4e25-b0f2-36df7ed1d12f,2c81d7bd-1b9c-4e7f-b71f-1110af629920,fab0d394-3228-4737-8189-5a9d738cf19d,"{""solution"":""severe storms, ground warming"",""type"":""ShortAnswer""}",0
cdd8c66a-4bad-4351-ac4e-e3a946d4e798,2f64248a-f8cf-490e-af36-a77a7ec877ad,2c81d7bd-1b9c-4e7f-b71f-1110af629920,fc3a4696-3509-4a9b-934d-4ce322beb6d8,"{""solution"":""unsaturated in the upper atmosphere (top) rises at DALR and saturated near the surface (bottom) rises at MALR creating a steeper temp inversion"",""type"":""ShortAnswer""}",0
cdd8c66a-4bad-4351-ac4e-e3a946d4e798,b4173f00-6e1e-4182-b3bc-95624fb94e79,2c81d7bd-1b9c-4e7f-b71f-1110af629920,fd6d4bfb-7c2d-464d-8021-ae25e2134027,"{""solution"":""saturated air at the bottom and cold dry air aloft "",""type"":""ShortAnswer""}",0
cdd8c66a-4bad-4351-ac4e-e3a946d4e798,4c6ebd38-119c-4a85-9e8f-5e2844794c08,2c81d7bd-1b9c-4e7f-b71f-1110af629920,fde89141-554b-48ad-980b-9193adb15ccd,"{""solution"":""dry adiabatic lapse rate is greater than the moist adiabatic lapse rate until a certain level of pressure"",""type"":""ShortAnswer""}",0
cdd8c66a-4bad-4351-ac4e-e3a946d4e798,8dd2a7a0-b73c-4a9c-ba05-70ac22242cfb,2c81d7bd-1b9c-4e7f-b71f-1110af629920,fe2f3802-6249-487a-8e26-776bcbdaa713,"{""solution"":""air saturated on the ground rises into air above thats colder and dry"",""type"":""ShortAnswer""}",0
cdd8c66a-4bad-4351-ac4e-e3a946d4e798,5b3f58ad-5303-46f8-87d7-badd9414daac,2c81d7bd-1b9c-4e7f-b71f-1110af629920,fed8b6fb-1c57-4d2e-8bbb-9f356fc4e682,"{""solution"":""a parcel of air that is vertically buoyant, where the air becomes more unstable as it rises, and cools at different adiabatic rates"",""type"":""ShortAnswer""}",0
cdd8c66a-4bad-4351-ac4e-e3a946d4e798,d090a210-9b2b-4f1d-8a2a-1718dd31a87a,2c81d7bd-1b9c-4e7f-b71f-1110af629920,ff60885f-5dc6-413d-b348-30d6e897d9d6,"{""solution"":""When a layer is unsaturated at its tops and cools at the dry adiabetic lapse rate and saturated at the bottom and cools at the moist adiabetic lapse rate."",""type"":""ShortAnswer""}",0